field_key,module,ko_name,input_dependencies,output_type,description,source_tables,source_ref
four_pillars,foundation,사주 네 기둥,birth_datetime;calendar_rules,object,연월일시를 연주 월주 일주 시주로 정규화한 기본 구조,saju-foundations.csv;pillar-positions.csv,/명리학/00_사주팔자란/intro.md
eight_characters,foundation,팔자 여덟 글자,four_pillars,object,각 기둥의 천간과 지지를 합친 여덟 글자 배열,saju-foundations.csv;heavenly-stems.csv;earthly-branches.csv,/명리학/00_사주팔자란/intro.md
day_master,foundation,일간 기준값,eight_characters.day_stem,code,십성 12운성 성향 계산의 기준 천간,saju-foundations.csv;heavenly-stems.csv,/명리학/02_천간/00_소개.md
element_balance,element,오행 분포,eight_characters;hidden_stems,score_vector,천간 지지 지장간을 합산한 목화토금수 분포,elements.csv;hidden-stems.csv,/명리학/01_오행/00_소개.md
stem_relationships,relationship,천간 관계,eight_characters.stems,list,천간합 충 극 관계 후보를 산출한 목록,heavenly-stem-relationships.csv;heavenly-stems.csv,/명리학/02_천간/00_소개.md
branch_relationships,relationship,지지 관계,eight_characters.branches,list,합 충 형 파 해 삼합 방합 등 지지 관계 후보,earthly-branch-relationships.csv;earthly-branches.csv,/명리학/03_지지/00_소개.md
hidden_stem_profile,branch,지장간 프로필,eight_characters.branches,list,각 지지 안의 본기 중기 여기 구성을 프로그램용으로 펼친 목록,hidden-stems.csv;earthly-branches.csv,/명리학/03_지지/00_소개.md
ten_god_profile,ten_god,십성 프로필,day_master;eight_characters.stems;hidden_stems,list,일간 대비 천간과 지장간의 십성 배치,ten-god-rules.csv;ten-god-stem-map.csv;ten-god-traits.csv;ten-god-overlays.csv,/명리학/04_십성/00_소개.md
twelve_life_stage_profile,life_stage,12운성 프로필,day_master;eight_characters.branches,list,일간 대비 네 지지의 12운성 단계,twelve-life-stage-rules.csv;twelve-life-stage-map.csv;twelve-life-stages.csv,/명리학/05_12운성/00_소개.md
twelve_shinsal_profile,shinsal,12신살 프로필,eight_characters.branches,list,삼합군 기준 12신살 배치,twelve-shinsal.csv;twelve-shinsal-rules.csv,/명리학/06_12신살/00_소개.md
special_star_profile,special_star,신살 프로필,eight_characters;day_master,list,귀인 공망 등 특수 신살 판별 결과,special-stars.csv;special-star-rules.csv,/명리학/07_신살/00_소개.md
gapja_asset_selection,asset,갑자 이미지 선택,day_pillar;gender,asset_path,일주 또는 대표 갑자와 성별에 맞는 생성 이미지 경로,gapja-combinations.csv;gapja-assets.csv,/명리학/02_천간/00_소개.md
classical_source_weighting,classical,고전 출처 가중치,literature_sources,object,고전별 역할과 신뢰도를 분리해 해석 근거를 추적한다,literature-sources.csv;classical-principles.csv;classical-analysis-modules.csv;classical-source-coverage.csv,/명리학/고전
climate_adjustment,classical,조후 보정,month_branch;day_master;element_balance,object,궁통보감식 계절 한난조습 보정으로 용신 후보 우선순위를 조정한다,classical-principles.csv;classical-analysis-modules.csv;classical-seasonal-use-god-rules.csv;elements.csv,/명리학/고전/궁퉁보감.md
useful_god_candidates,classical,용신 후보,month_command;day_master_strength;climate_adjustment,list,월령 조후 병약 균형을 종합해 용신 후보와 근거를 산출한다,classical-principles.csv;classical-analysis-modules.csv;classical-seasonal-use-god-rules.csv;ten-god-stem-map.csv,/명리학/고전/자평진전_정판.md
pattern_assessment,classical,격국 성패 평가,month_command;ten_god_profile;useful_god_candidates,object,격국 후보의 성립 손상 구제 순잡 상태를 평가한다,classical-principles.csv;classical-analysis-modules.csv;classical-pattern-rules.csv;ten-god-rules.csv,/명리학/고전/자평진전_정판.md
plain_language_guardrail,classical,현대어 표현 안전장치,all_analysis_outputs,object,고전식 길흉 표현을 조건부 설명과 보완 가능한 주의 문장으로 변환한다,classical-principles.csv;classical-analysis-modules.csv;literature-sources.csv,/명리학/고전/길흉회피의지혜.md
classical_evidence_trace,classical,고전 원문 근거 추적,classical_analysis_outputs,object,각 고전 판단의 source_code line_no topic 근거를 연결한다,classical-evidence-index.csv;classical-source-coverage.csv;literature-sources.csv,/명리학/고전
classical_example_case_index,classical,고전 예문 후보 색인,classical_sources,list,고전 원문 속 예문 명조 후보를 line_no와 case_type으로 색인한다,classical-example-cases.csv;classical-evidence-index.csv;literature-sources.csv,/명리학/고전
classical_case_parse_quality,classical,고전 예문 파싱 품질,classical_example_case_index,list,예문 후보 주변 문맥에서 60갑자 문자열과 네 기둥 후보 수를 감지한다,classical-example-case-parse.csv;classical-example-cases.csv;gapja-combinations.csv,/명리학/고전
classical_ocr_quality,classical,고전 OCR 품질,classical_sources,object,고전별 라인 수 CJK 라인 의심 라인 비율을 계산해 검수 우선순위를 정한다,classical-ocr-quality.csv;literature-sources.csv,/명리학/고전
modern_ganji_profile,modern,현대 간지 프로필,four_pillars;eight_characters,object,천간 지지 60갑자를 초보자가 읽을 수 있는 현대어 성향 요약으로 변환한다,modern-principles.csv;modern-analysis-modules.csv;gapja-combinations.csv;heavenly-stems.csv;earthly-branches.csv,/명리학/현대
modern_ten_god_social_profile,modern,현대 십신 사회관계,ten_god_profile;pillar_positions,object,십신을 재물 명예 가족 직업 관계 욕구 같은 사회적 역할 언어로 설명한다,modern-principles.csv;modern-analysis-modules.csv;ten-god-rules.csv;ten-god-traits.csv,/명리학/현대
modern_event_trigger_profile,modern,현대 사건 트리거,heavenly_relationships;branch_relationships;hidden_stems,object,합충형파해 충출 삼형을 변화 압력 활성 조건 대응 포인트로 설명한다,modern-principles.csv;modern-analysis-modules.csv;earthly-branch-relationships.csv;hidden-stems.csv,/명리학/현대
modern_consultation_guidance,modern,현대 상담형 조언,pattern_assessment;modern_ten_god_social_profile;modern_event_trigger_profile,object,직업 재물 관계 결혼 갈등 법적 이슈 같은 실제 상담 질문으로 결과를 연결한다,modern-principles.csv;modern-analysis-modules.csv;modern-design-coverage.csv;special-star-rules.csv,/명리학/현대
modern_learning_explainer,modern,현대 학습형 해설,all_analysis_outputs,object,전문 용어를 한글 현대어 설명과 단계형 학습 흐름으로 풀어 쓴다,modern-principles.csv;modern-analysis-modules.csv;modern-evidence-index.csv;saju-foundations.csv,/명리학/현대
public_figure_match_candidates,matching,공개 인물 궁합 후보,user_chart;public_figure_saju_seeds,list,유저 명식과 공개 인물 시드 데이터를 비교해 후보와 데이터 품질 직업군 플래그를 반환한다,public-figure-saju-seeds.csv;public-figure-occupation-enrichment.csv;public-figure-saju-source-metrics.csv;gapja-combinations.csv,/public-figures
public_figure_compatibility_profile,matching,공개 인물 궁합 프로필,user_chart;public_figure_match_candidates,object,일간 오행 십신 지지관계 12운성 12신살 보완오행 직업군 필터 기준으로 좋고 어려운 지점을 분리한다,public-figure-saju-seeds.csv;public-figure-occupation-enrichment.csv;ten-god-stem-map.csv;earthly-branch-relationships.csv;twelve-life-stage-map.csv;twelve-shinsal-rules.csv,/public-figures
public_figure_match_explanation,matching,공개 인물 매칭 현대어 설명,public_figure_compatibility_profile,object,20대 사용자가 이해하기 쉬운 좋은 점 어려운 점 관계 느낌 주의 문구로 궁합을 설명한다,public-figure-saju-seeds.csv;modern-principles.csv;modern-analysis-modules.csv,/public-figures
character_type_profile,character,사주 캐릭터 타입,user_chart;day_master;day_pillar,object,일간과 일주를 기준으로 대표 캐릭터 타입 신수 동물 모티프 성향 태그를 생성한다,character-archetypes.csv;character-type-templates.csv;gapja-combinations.csv;heavenly-stems.csv;earthly-branches.csv,/character-types
character_profile_card,character,공유용 캐릭터 프로필 카드,character_type_profile;gapja_asset_selection,object,이등신 캐릭터 대표 신수 동물 동반자 한 줄 성향을 카드형 이미지 프롬프트로 구성한다,character-type-templates.csv;character-type-modifiers.csv;gapja-assets.csv;analysis-output-fields.csv,/character-types
character_growth_quests,character,오행 성장 퀘스트,element_balance;useful_god_candidates;character_type_profile,list,부족하거나 보완할 오행을 일상 루틴형 성장 퀘스트로 변환한다,character-growth-quests.csv;character-type-modifiers.csv;elements.csv;modern-principles.csv,/character-types
manse_four_pillars,manse,만세력 사주 네 기둥,birth_datetime;location;calendar_type,object,입춘 절기 월령 일진 시주 규칙으로 네 기둥을 산출하고 품질 플래그를 남긴다,manse-calculation-rules.csv;solar-term-month-boundaries.csv;month-stem-start-rules.csv;hour-stem-start-rules.csv;gapja-combinations.csv,/manse
manse_luck_cycles,manse,대운 세운 흐름,four_pillars;birth_gender;solar_terms,object,대운 방향 시작시기 세운 월운을 산출할 계약을 정의한다,luck-cycle-rules.csv;gapja-combinations.csv;classical-analysis-modules.csv,/manse
manse_calculation_quality,manse,만세력 계산 품질,manse_four_pillars;source_birth_data,object,입춘 경계 출생시 불명 절기엔진 미검증 같은 품질 플래그를 제공한다,manse-calculation-rules.csv;public-figure-saju-source-metrics.csv,/manse
compatibility_score_profile,compatibility,궁합 점수 프로필,user_chart;partner_chart,object,일간 지지 오행 십신 합충형 데이터품질을 가중해 좋은 점 어려운 점으로 분리한다,compatibility-feature-weights.csv;compatibility-scoring-rules.csv;earthly-branch-relationships.csv;heavenly-stem-relationships.csv,/compatibility
compatibility_explanation_cards,compatibility,궁합 설명 카드,compatibility_score_profile,object,20대 사용자가 이해할 수 있는 관계 느낌 매칭 근거 주의 문구를 생성한다,compatibility-output-templates.csv;modern-principles.csv;modern-analysis-modules.csv,/compatibility
