hexagram_id,line_position,line_label,yin_yang,classical_text,small_image_text,small_image_translation,korean_text
1,1,初九,yang,潛龍勿用。,潛龍勿用，陽在下也。,"잠룡을 쓰지 않음은, 양(陽)이 아래에 있기 때문이다.",잠용물용(潛龍勿用) 용이 세상에 드러나지 않음은 쓰이지 않는 바가 있(기 때문이)다.
1,2,九二,yang,見龍在田，利見大人。,見龍在田，德施普也。,"용이 밭에 나타남은, 덕이 베풀어져 널리 퍼지기 때문이다.","견룡재전(見龍在田) , 이현대인(利見大人)전(田)에 용이 드러난다. 대인을 뵈오니 이롭다."
1,3,九三,yang,君子終日乾乾，夕惕若；厲，无咎。,終日乾乾，反復道也。,"종일토록 굳세게 힘쓰는 것은, 도(道)를 반복하여 행하기 때문이다.",군자종일건건 석척약려 무구(君子終日乾乾，夕惕若厲，无咎) 군자는 종일 힘쓴다， 힘씀에 끝마무리까지 염려한다. 허물이 없다.
1,4,九四,yang,或躍在淵，无咎。,或躍在淵，進无咎也。,"혹 못에서 뛰어오르는 것은, 나아가도 허물이 없기 때문이다.",혹약재연 무구(或躍在淵，无咎) 혹 도약하더라도 연(淵)못이니 허물이 없다.
1,5,九五,yang,飛龍在天，利見大人。,飛龍在天，大人造也。,"용이 하늘에 날아오름은, 대인이 일어나기 때문이다.",비룡재천(飛龍在天)，이견대인(利見大人)뜻하는바를 펼친다. 대인을 만나니 이롭다.
1,6,上九,yang,亢龍，有悔。,亢龍有悔，盈不可久也。,"항룡(높이 오른 용)이 후회함은, 가득 찬 것은 오래가지 못하기 때문이다.",항룡유회(亢龍有悔) 항룡은 하늘과 더불어야하는 자신의 처지를 살피니 자신의 부족함을 뉘우친다.
2,1,初六,yin,履霜，堅冰至。,履霜堅冰，陰始凝也。馴致其道，至堅冰也。,"서리를 밟아 얼음이 굳어짐은, 음(陰)이 처음 엉기기 시작함이다. 그 도를 순히 이끌면 단단한 얼음에 이른다.",리상(履霜)，견빙지(堅冰至) 서리를 밟으나 얼음이 딱딱히 굳었다.
2,2,六二,yin,直方大，不習无不利。,六二之動，直以方也。不習无不利，地道光也。,"육이의 움직임은 곧고 바르기 때문이다. 배우지 않아도 불리함이 없는 것은, 땅의 도가 빛나기 때문이다.",직방대(直方大)，불습무불리(不習無不利) 곧고 떳떳한 바가 크니，배움이 없어도 불리하지 않다.
2,3,六三,yin,含章，可貞。或從王事，无成有終。,含章可貞，以時發也。或從王事，知光大也。,"문채를 품어 바르게 할 수 있음은, 때에 맞춰 드러내기 때문이다. 혹 왕의 일을 따름은, 지혜가 크고 빛나기 때문이다.",함장가정(含章可貞) 혹종왕사(或從王事)，무성유종(無成有終) 절제하는 바로 바를 수 있다. 왕사를 쫓으나 이룸은 없고 끝은 있다.
2,4,六四,yin,括囊，无咎无譽。,括囊无咎，慎不害也。,"주머니를 동여매 허물이 없음은, 신중하면 해로움이 없기 때문이다.",괄낭(括囊)，무구무예(无咎无譽)주머니를 동여메니 허물도 없고 명예도 없다.
2,5,六五,yin,黃裳，元吉。,黃裳元吉，文在中也。,"누런 치마가 크게 길함은, 문채가 가운데 있기 때문이다.","황상(黃裳),원길(元吉) 노랑색 치마는 길함의 근원이다."
2,6,上六,yin,龍戰于野，其血玄黃。,龍戰于野，其道窮也。,"용이 들판에서 싸움은, 그 도가 다했기 때문이다.",용전어야(龍戰于野)，기혈현황(其血玄黃)용은 하늘에 거하고 그 다툼으로 피는 땅이 받는다.
3,1,初九,yang,磐桓，利居貞，利建侯。,雖磐桓，志行正也。以貴下賤，大得民也。,비록 머뭇거리나 뜻과 행동이 바르기 때문이다. 귀한 몸으로 천한 이에게 내려가니 크게 백성의 마음을 얻는다.,반환(磐桓) 이거정(利居貞) 이건후(利建侯) 머뭇거린다. 조신하게 거함이 이롭다. 대립(代立)이 이로움이 있다.
3,2,六二,yin,屯如邅如，乘馬班如，匪寇婚媾，女子貞不字，十年乃字。,六二之難，乘剛也。十年乃字，反常也。,육이의 어려움은 강(양효)을 타고 있기 때문이다. 십 년 만에 정혼함은 도리어 떳떳함으로 돌아가기 때문이다.,준여전여(屯如邅如) 승마반이(乘馬班如) 비구혼구(匪寇婚媾) 여자정부자(女子貞不字)십년내자(十年乃字) 둔(屯)은 어려움같다. 머뭇거림같다. 말을 타고 서성거린다. 도적이 아니면 혼사로 화친한다. 여자가 정(貞)하여 정(定)하지 않다가 십년 내에 정혼하다.
3,3,六三,yin,即鹿无虞，惟入于林中，君子幾不如舍，往吝。,即鹿无虞，以從禽也。君子舍之，往吝窮也。,"사슴을 쫓아도 인도자가 없음은 새를 쫓기 때문이다. 군자가 버림은, 가면 부끄러움과 궁함이 있기 때문이다.",즉록무여(即鹿無虞) 유입어임중(惟入于林中) 군자기불여석(君子幾不如舍) 왕린(往吝) 사슴이 염려함이 없음은 산속에 오직 들어가 있음이다. 군가가 자세히 살펴 벌여놓지 않는다. 가는 바를 아낀다.
3,4,六四,yin,乘馬班如，求婚媾，往，吉无不利。,求而往，明也。,구하여 감은 밝음이다.,승마반이(乘馬班如) 구혼구왕(求婚媾往) 길무불리(吉無不利) 말을 타고 돌아온다. 혼사를 구하러 간다. 길하고 불리함이 없다.
3,5,九五,yang,屯其膏；小貞吉，大貞凶。,屯其膏，施未光也。,"은택(膏)을 쌓아둠은, 베풂이 아직 빛나지 않기 때문이다.",둔기고(屯其膏)소정길(小貞吉)대정흉(大貞凶) 둔은 장차 고약이다. 작은 것에서 길하고 큰 것에서 흉하다.
3,6,上六,yin,乘馬班如，泣血漣如。,泣血漣如，何可長也。,"피눈물이 줄줄 흐름은, 어찌 오래갈 수 있겠는가.",승마반이(乘馬班如) 읍혈련이(泣血漣如) 말을 타고 돌아온다. 피눈물을 흘린다.
4,1,初六,yin,發蒙，利用刑人，用說桎梏，以往吝。,利用刑人，以正法也。,"사람을 바로잡는 법을 쓰는 것이 이로움은, 법을 바르게 하기 때문이다.",발몽(發蒙) ，이용형인(利用刑人)，용탈질곡(用說桎梏) 이왕린(以往吝)사람이 모범을 따르게함이 이로운바는 교화이다. 마땅이 갈바를 어여삐여김에 법을 베푼다.
4,2,九二,yang,包蒙吉，納婦吉，子克家。,子克家，剛柔接也。,"아들이 집을 다스림은, 강과 유가 서로 이어지기 때문이다.",포몽길납부길자극가(包蒙吉，納婦吉，子克家) 아이를 감싸니 길하다. 아내를 받아들이니 길하다. 사람이 집을 다스린다
4,3,六三,yin,勿用取女，見金夫，不有躬，无攸利。,勿用取女，行不順也。,"여자를 취하지 말라는 것은, 행동이 순하지 않기 때문이다.",물용취녀현금부불유궁무유리(勿用取女，見金夫，不有躬，无攸利) 여자는 취하는것이 아니다. 귀한사람을 맞이하는것이다. 스스로 하는바가 없으면 이로운바가 없다.
4,4,六四,yin,困蒙，吝。,困蒙之吝，獨遠實也。,"몽에 곤한 부끄러움은, 홀로 실체에서 멀어졌기 때문이다.",곤몽린(困蒙，吝) 어리석어 곤란하다. 주저한다.
4,5,六五,yin,童蒙，吉。,童蒙之吉，順以巽也。,"동몽의 길함은, 순순히 겸손히 따르기 때문이다.",동몽길(童蒙，吉) 어린아이와 같다 길하다.
4,6,上九,yang,擊蒙，不利為寇，利禦寇。,利禦寇，上下順也。,"도적을 막음이 이로움은, 위아래가 순하기 때문이다.",격몽불리위구이어구(擊蒙，不利為寇，利禦寇) (자신의)어리석은바를 맞딱뜨리다. 난리를 당하면 불리하나 제어하면 이롭다.
5,1,初九,yang,需于郊，利用恆，无咎。,需于郊，不犯難行也。利用恆，无咎，未失常也。,"들판에서 기다림은, 험난을 범해 행하지 않는 것이다. 항상함을 쓰는 것이 이로워 허물이 없음은, 떳떳함을 잃지 않기 때문이다.",수어교이용항무구(需于郊，利用恒，无咎)공급은 경계에서 늘 이용되는바로 이롭다. 허물이없다.
5,2,九二,yang,需于沙，小有言，終吉。,需于沙，衍在中也。雖小有言，以終吉也。,"모래에서 기다림은, 여유가 가운데 있기 때문이다. 비록 말이 조금 있으나 끝이 길하기 때문이다.",수어사소유언종길(需于沙，小有言，終吉)모래땅에서 주고받음은 말이 있으나 적고 끝은 길하다.
5,3,九三,yang,需于泥，致寇至。,需于泥，災在外也。自我致寇，敬慎不敗也。,"진흙에서 기다림은, 재앙이 밖에 있기 때문이다. 스스로 도적을 부르나, 공경하고 신중하면 패하지 않는다.",수우니치구지(需于泥，致寇至)진흙에서 주고받음은 난리(亂離)에 이른다.
5,4,六四,yin,需于血，出自穴。,需于血，順以聽也。,"피에서 기다림은, 순순히 듣기 때문이다.",수어혈출자혈(需于血，出自穴)다툼에서 주고받음은 스스로 안전한곳에서 나오는것이다.
5,5,九五,yang,需于酒食，貞吉。,酒食，貞吉，以中正也。,"술과 음식(연회)에 바르고 길함은, 중정하기 때문이다.",수어주식(需于酒食，貞吉)주식에서 주고받음은 바르고 길하다.
5,6,上六,yin,入于穴，有不速之客三人來，敬之終吉。,不速之客來，敬之終吉。雖不當位，未大失也。,"청하지 않은 손님이 와도 공경하면 끝이 길함은, 자리가 마땅하지 않아도 크게 잃지 않기 때문이다.",입어혈유불속지객심인래경지종길(入于穴，有不速之客三人來，敬之終吉)구멍으로 들어간다. 서두르지않는 손님3명이 올바가있다. 끝이 길함을 존중한다.
6,1,初六,yin,不永所事，小有言，終吉。,不永所事，訟不可長也。雖小有言，其辯明也。,"일을 오래 끌지 않음은, 송사는 오래할 수 없기 때문이다. 비록 말이 조금 있으나 그 변론이 밝기 때문이다.",불영소사 소유언 종길(不永所事，小有言，終吉) 일은 길지 않다. 말은 적다. 끝은 길하다.
6,2,九二,yang,不克訟，歸而逋，其邑人三百戶无眚。,不克訟，歸逋竄也。自下訟上，患至掇也。,"송사에 이기지 못하여 돌아와 도망치는 것은, 아래에서 위를 송사하니 근심이 이르러 붙잡히기 때문이다.",불극송 귀이포 기읍인삼백호무생(不克訟，歸而逋，其邑人三百戶无眚) 송사를 참고견디지 않는다. 돌아오나 잡힌다. 그 마을사람 삼백호 인심을 얻으면 잘못됨은 없다.
6,3,六三,yin,食舊德，貞厲，終吉。或從王事，无成。,食舊德，從上吉也。,"옛 덕을 지킴은, 위를 따르면 길하기 때문이다.",식구덕 정려 종길(食舊德，貞厲，終吉) 혹종왕사 무성(或從王事，无成) 혹종왕사 무성(或從王事，无成) 음덕과 바름을 힘쓴다. 끝은 길하다.
6,4,九四,yang,不克訟，復即命渝，安貞吉。,復即命渝，安貞，不失也。,"명에 돌아가 바꿈은, 편안히 바르게 하여 잃지 않기 때문이다.",불극송 복즉명유 안정길(不克訟，復即命渝，安貞吉) 송사를 참고견디지 않는다 다시 복귀하여 운명을 바꿀수있다. 평안하고 바르게하면 길하다.
6,5,九五,yang,訟，元吉。,訟，元吉，以中正也。,"송사가 크게 길함은, 중정하기 때문이다.",송 원길(訟，元吉) 송사가 바라는바는 근본은 길한것이다.
6,6,上九,yang,或錫之鞶帶，終朝三褫之。,以訟受服，亦不足敬也。,"송사로써 관복을 받음은, 또한 공경할 만하지 못하기 때문이다.",혹석지반대 종조삼치지(或錫之鞶帶，終朝三褫之) 혹 가죽주머니와 띠를 얻으면 여러번끝에 그것을 취한다.
7,1,初六,yin,師出以律，否臧，凶。,師出以律；失律，凶也。,"군대가 나감에 법률을 씀은, 법률을 잃으면 흉하기 때문이다.",사출이율 부장 흉(師出以律，否臧，凶) 마땅한바를 갖추어 출사(出師)한다. 어짊이 아니면 흉하다.
7,2,九二,yang,在師中吉，无咎；王三錫命。,在師中吉，承天寵也。王三錫命，懷萬邦也。,"군대 가운데 있어 길함은, 하늘의 총애를 받기 때문이다. 왕이 세 번 명을 내림은, 만방을 품기 때문이다.","재사중길 무구 왕삼석명(在師中吉，无咎,王三錫命) 사(師)가 길함중에 있으니 허물이없다. 왕이 신뢰함을 세번 보인다."
7,3,六三,yin,師或輿尸，凶。,師或輿尸，大无功也。,"군대가 혹 시체를 수레에 싣는 것은, 큰 공이 없기 때문이다.",사역여시 흉(師或輿尸，凶) 사(師)에게 있어 혹여나 주검수레는 흉하다.
7,4,六四,yin,師左次，无咎。,左次无咎，未失常也。,"왼쪽에 머묾이 허물 없음은, 떳떳함을 잃지 않기 때문이다.",사좌차 무구(師左次，无咎) 사(師)가 좌(左)를 차(次)로 하는바를 안다. 허물이 없다.
7,5,六五,yin,田有禽，利執言，无咎。長子帥師，弟子輿尸，貞凶。,長子帥師，以中行也。弟子輿尸，使不當也。,"장자가 군대를 거느림은, 가운데로 행하기 때문이다. 아우가 시체를 싣는 것은, 부림이 마땅하지 않기 때문이다.",전유금 이집언 무구(田有禽，利執言，无咎) 장자사사 제자여시 정흉(長子帥師，弟子輿尸，貞凶) 전(田)에있는 날짐승을 조심히 잡으니 이롭다. 장자는 군사를 거느리고 아우는 주검수레를 끄니 (이러한)바름은 흉하다(한다)
7,6,上六,yin,大君有命，開國承家，小人勿用。,大君有命，以正功也。小人勿用，必亂邦也。,"큰 임금이 명이 있음은, 공을 바르게 하기 때문이다. 소인을 쓰지 말라는 것은, 반드시 나라를 어지럽히기 때문이다.",대군유명 개국승가 소인물용(大君有命，開國承家，小人勿用) 큰 임금은 (하늘의)명을 받아 나라를 열고 가업을 승계한다. 소인을 이러한 바를 쓸줄모른다.
8,1,初六,yin,有孚，比之，无咎。有孚盈缶，終來有它，吉。,比之初六，有它吉也。,"비의 초육은, 다른 길함이 있기 때문이다.",유부 비지 무구(有孚，比之，无咎) 유부영관 종래유타 길(有孚盈缶，終來有它，吉) 비교하는바로 믿음을 둔다면 허물이 없다. 충만한 믿음이 종래에는 그것에서 길함이 있다.
8,2,六二,yin,比之自內，貞吉。,比之自內，不自失也。,"안에서부터 친함은, 스스로를 잃지 않기 때문이다.",비지자내 정길(比之自內，貞吉) 그것을 비교하여 스스로 추스리니 바르고 길하다.
8,3,六三,yin,比之匪人。,比之匪人，不亦傷乎！,"마땅하지 않은 사람과 친함은, 또한 상처받지 않겠는가!",비지비인(比之匪人) 견줌에는 인정이 없다.
8,4,六四,yin,外比之，貞吉。,外比於賢，以從上也。,"밖에서 어진 이와 친함은, 위를 따르기 때문이다.",외비지 정길(外比之，貞吉) (행실이) 드러남을 고르게하니 바르고 길하다.
8,5,九五,yang,顯比。王用三驅，失前禽，邑人不誡，吉。,顯比之吉，位正中也。舍逆取順，失前禽也。邑人不誡，上使中也。,"비를 드러냄의 길함은, 자리가 바르고 가운데 있기 때문이다. 거스르는 것을 버리고 순종하는 것을 취하니 앞의 새를 놓치는 것이다. 마을 사람이 경계하지 않는 것은, 위가 가운데를 쓰게 하기 때문이다.","현비 왕용삼구실전금읍인불성 길(顯比, 王用三驅 失前禽 邑人不誡，吉) 비교하여 분명히 하니 왕이 쓰는바요, 사방중에 세방향에서 몰아갈때 앞에서 날아오는 날짐승은 놓아주어도 마을 사람은 (의심하여)살피지않으니 길하다."
8,6,上六,yin,比之无首，凶。,比之无首，无所終也。,"친함에 머리가 없음은, 마칠 바가 없기 때문이다.",비지무수 흉(比之无首，凶) 두서없이 그것을 비교하는것은 흉이다.
9,1,初九,yang,復自道，何其咎，吉。,復自道，其義吉也。,"제 도로 돌아감은, 그 뜻이 길하기 때문이다.",복자도 하기구 길(復自道，何其咎，吉) 다시 제자리를 찾아가니 어찌 그것이 허물이겠는가? 길하다.
9,2,九二,yang,牽復，吉。,牽復在中，亦不自失也。,"가운데서 이끌려 돌아옴은, 또한 스스로를 잃지 않기 때문이다.",견복 길(牽復，吉) 다시 이끄니 길하다.
9,3,九三,yang,輿說輻，夫妻反目。,夫妻反目，不能正室也。,"부부가 반목함은, 집을 바르게 하지 못하기 때문이다.",여탈폭 부처반목(輿說輻，夫妻反目) 수레가 바퀴를 벗으니 부부가 반목한다.
9,4,六四,yin,有孚，血去惕出，无咎。,有孚。惕出。上合志也。,"믿음이 있어 두려움이 나감은, 위와 뜻이 합하기 때문이다.",유부 혈거척출 무구(有孚，血去惕出，无咎) 믿음으로 피가 제거되고 두려움이 사라진다. 허물이없다.
9,5,九五,yang,有孚攣如，富以其鄰。,有孚攣如，不獨富也。,"믿음이 이어진 듯함은, 혼자 부유하지 않기 때문이다.",유부거여 부이기린(有孚攣如，富以其鄰) 믿음이 매이다. 그 이웃으로써 가멸다.
9,6,上九,yang,既雨既處，尚德載，婦貞厲，月幾望，君子征凶。,既雨既處，德積載也。君子征凶，有所疑也。,"이미 비가 오고 이미 머묾은, 덕이 쌓여 실리기 때문이다. 군자가 가면 흉함은, 의심할 바가 있기 때문이다.",이우기처 상덕재 부정려 월기망 군자정흉(既雨既處，尚德載，婦貞厲，月幾望，君子征凶) 이미 비가 곳곳에 내리니 덕을 기리기 시작하고 여자는 바름을 힘쓰며 달은 희망이며 군자는 흉을 정벌한다.
10,1,初九,yang,素履，往无咎。,素履之往，獨行願也。,"본디 밟음으로 감은, 홀로 뜻대로 행하기 때문이다.","소리 왕무구(素履, 往无咎) 본디 밟는바는 가는바이니 허물은 없다."
10,2,九二,yang,履道坦坦，幽人貞吉。,幽人貞吉，中不自亂也。,"은자가 바르고 길함은, 가운데 있어 스스로 어지럽히지 않기 때문이다.",이도탄탄 유인정길(履道坦坦，幽人貞吉) 밟는 길이 탄탄하다. 유인(幽人)인 바르고 길하다.
10,3,六三,yin,眇能視，跛能履，履虎尾，咥人，凶。武人為于大君。,眇能視，不足以有明也。跛能履，不足以與行也。咥人之凶，位不當也。武人為于大君，志剛也。,"외눈으로 볼 수 있음은, 밝음을 온전히 갖추지 못함이다. 절뚝이로 걸을 수 있음은, 함께 행함에 부족함이다. 사람을 무는 흉함은, 자리가 마땅하지 않기 때문이다. 무인이 대군을 위함은, 뜻이 굳세기 때문이다.",묘능시 파능이 이호미 질인 흉(眇能視，跛能履，履虎尾，咥人，凶) 무인위어대군(武人為于大君) 외눈이라도 볼수있고 다리를 절어도 밟을수있다. 호랑이 꼬리를 밟으니 사람을 문다. 흉하다. 무인이 대군이 된다.
10,4,九四,yang,履虎尾，愬愬終吉。,愬愬終吉，志行也。,"두렵고 두려워 끝이 길함은, 뜻이 행해지기 때문이다.",이호미 색색종길(履虎尾，愬愬終吉) 호랑이 꼬리를 밟으나 두렵고두려우니 끝은 길하다.
10,5,九五,yang,夬履，貞厲。,夬履貞厲，位正當也。,"터놓고 밟아 바르나 위태로움은, 자리가 바르고 마땅하기 때문이다.",쾌리 정려(夬履，貞厲) 터놓고 밟는다. 바름을 힘쓴다.
10,6,上九,yang,視履考祥，其旋元吉。,元吉在上，大有慶也。,"크게 길함이 위에 있음은, 크게 경사가 있기 때문이다.",시리고상 기선원길(視履考祥，其旋元吉) 밟은바를 참고하고 조짐을 살핀다. 그 돌이키는바가 길하다.
11,1,初九,yang,拔茅茹以其彙，征吉。,拔茅征吉，志在外也。,"띠풀을 뽑아 가면 길함은, 뜻이 밖에 있기 때문이다.","발모여이기휘 정길(拔茅茹以其彙征,吉) 띠풀을 뜨으니 그들이 뭉쳐있는바로 취해진다. 길하다."
11,2,九二,yang,包荒。用馮河，不遐遺；朋亡。得尚于中行。,包荒，得尚于中行，以光大也。,"거친 것을 포용해 가운데 행함에 높임을 받음은, 빛나고 크기 때문이다.",포황(包荒) 용빙하 불하유붕망 득상우중행(用馮河，不遐遺朋亡 得尚于中行) 거칢을 포용한다. 강을 건너는바가 있다. 머지않아 친구가 업신여김 당함을 따른다. 가운데에서 행함에 높임을 받는다.
11,3,九三,yang,无平不陂，无往不復，艱貞无咎。勿恤其孚，于食有福。,无往不復，天地際也。,"가지 않아 돌아오지 않음이 없음은, 하늘과 땅의 접경이기 때문이다.",무평불피 무왕불복 간정무구(无平不陂，无往不復，艱貞无咎) 물휼기부 우식유복(勿恤其孚，于食有福) 평평함이 없으면 기울일수가 없고 가지않으면 돌아올바가 없다. 어렵게 바르니 허물이 없다. 그 믿는바를 근심하지말라 먹음에 복이있다.
11,4,六四,yin,翩翩，不富以其鄰；不戒以孚。,翩翩不富，皆失實也。不戒以孚，中心願也。,"펄럭이며 부유하지 않음은, 모두 실질을 잃었기 때문이다. 믿음으로 경계하지 않음은, 마음속 원함이기 때문이다.","편편 불부이기린 불계이부(翩翩，不富以其鄰, 不戒以孚) 펄럭펄럭 나부낌은 그이웃으로 부유하지않음이니 믿음으로 경계하지않은바이다."
11,5,六五,yin,帝乙歸妹，以祉，元吉。,以祉，元吉。中以行願也。,"복으로 크게 길함은, 가운데로 뜻을 행하기 때문이다.",제을귀매이사 원길(帝乙歸妹以祉，元吉) 제을은 하늘이 내리는 행복으로 누이를 시집보낸다. 본디 길하다.
11,6,上六,yin,城復于隍，勿用師，自邑告命，貞吝。,城復于隍，其命亂也。,"성이 해자에 무너져 돌아감은, 그 명이 어지럽기 때문이다.",성부우황 물용사 자읍고명 정린(城復于隍，勿用師，自邑告命，貞吝) 성은 해자로 겹겹이다. 군사를 쓰지않는다. 스스로 아첨하여 명을 청한다. 곧음이 인색하다.
12,1,初六,yin,拔茅茹以其彙，貞吉。亨。,拔茅貞吉，志在君也。,"띠풀을 뽑아 바르면 길함은, 뜻이 임금에게 있기 때문이다.",발모여이기휘 정길형(拔茅茹以其彙，貞吉亨) 모여서 뭉친 덩어리진 띠풀을 뽑는다. 바르니 길하고 형통하다.
12,2,六二,yin,包承，小人吉，大人否。亨。,大人否，亨。不亂羣也。,"대인이 막혀도 형통함은, 무리를 어지럽히지 않기 때문이다.",포승 소인길 대인비형(包承，小人吉，大人否亨) 이어짐을 포용한다. 소인은 길하고 대인은 막히나 (장차) 형통한다.
12,3,六三,yin,包羞。,包羞，位不當也。,"부끄러움을 품음은, 자리가 마땅하지 않기 때문이다.",포수(包羞) 부끄러움을 포용한다.
12,4,九四,yang,有命，无咎，疇離祉。,有命无咎，志行也。,"명이 있어 허물이 없음은, 뜻이 행해지기 때문이다.",유명 무구 주리지(有命，无咎，疇離祉) 생명을 보존하니 허물은 없다. 무리가 그 복에 달라붙는다.
12,5,九五,yang,休否，大人吉。其亡其亡，繫于苞桑。,大人之吉，位正當也。,"대인의 길함은, 자리가 바르고 마땅하기 때문이다.",휴비 대인길 기망기망 계우포상(休否，大人吉。其亡其亡，繫于苞桑) 막힘도 쉬어간다. 대인이 길함이 어찌 망하겠는가 어찌망하겠는가. 뽕나무를 싸맨다.
12,6,上九,yang,傾否，先否後喜。,否終則傾，何可長也。,"비가 끝나면 기울어짐은, 어찌 오래갈 수 있겠는가.",경부 선부후희(傾否，先否後喜) 기울어짐이 그친다. 먼저가 막힘이고 나중이 즐거워짐이다.
13,1,初九,yang,同人于門，無咎。,出門同人，又誰咎也。,"문을 나서서 사람과 함께함은, 또 누가 허물하겠는가.",동인우문 무구(同人于門，無咎) 문에서 동인을 만나다. 허물이 없다.
13,2,六二,yin,同人于宗，吝。,同人于宗，吝道也。,"일가(宗)와만 함께함은, 부끄러움의 도이다.",동인우종 린(同人于宗，吝) 유유상종하니 인색하다.
13,3,九三,yang,伏戎于莽，升其高陵，三歲不興。,伏戎于莽，敵剛也。三歲不興，安行也。,"풀숲에 군사를 숨김은, 강적을 상대하기 때문이다. 삼 년을 일으키지 못함은, 어찌 행하겠는가.",복벌우장 승기고릉 삼세불여(伏戎于莽，升其高陵，三歲不興) 광활한 숲에 오랑캐가 숨어있으니 그 고지(高地)를 점한다. 여러해동안 일어남이없다.
13,4,九四,yang,乘其墉，弗克，攻吉。,乘其墉，義弗克也，其吉，則困而反則也。,"성을 타고 오름은, 의리상 이기지 못하니, 그 길함은 곤하여 법칙으로 돌아가기 때문이다.",승기고 불극 공길(乘其墉，弗克，攻吉) 담장을 넘으려고하나 이김을 근심한다. 공격하면 길하다.
13,5,九五,yang,同人，先號啕而后笑。大師克相遇。,同人之先，以中直也。大師相遇，言相克也。,"동인이 먼저인 것은, 가운데 곧기 때문이다. 큰 군대가 서로 만남은, 서로 이김을 말한다.",동인 선호도이후소 대사극상우(同人，先號啕而后笑。大師克相遇) 동인이 시작은 울부짖으나 뒤에는 웃는다. 큰 군사가 서로만나 다툰다.
13,6,上九,yang,同人于郊，無悔。,同人于郊，志未得也。,"들판에서 함께함은, 뜻을 아직 얻지 못했기 때문이다.",동인우교 무회(同人于郊，無悔) 동인이 밖에서 만난다. 후회가 없다.
14,1,初九,yang,无交害，匪咎，艱則无咎。,大有初九，无交害也。,"대유의 초구는, 해를 주고받지 않기 때문이다.",무교해 비구 난즉무구(无交害，匪咎，艱則无咎) 서로 해가없다. 허물이 아니다. 어려워도 허물없다.
14,2,九二,yang,大車以載，有攸往，无咎。,大車以載，積中不敗也。,"큰 수레로 실음은, 가운데 쌓아 패하지 않기 때문이다.",대거이재 유유왕 무구(大車以載，有攸往，无咎) 큰수레에 적재한다. 갈바가있다. 허물이없다.
14,3,九三,yang,公用亨于天子，小人弗克。,公用亨于天子，小人害也。,"공이 천자에게 바침은, 소인은 해롭기 때문이다.",공용형우천자 소인불극(公用亨于天子，小人弗克) 공용은 천자에게 통한다. 소인은 그러하지 않다.
14,4,九四,yang,匪其彭，无咎。,匪其彭，无咎；明辨晰也。,"번성함이 아님은 허물이 없으니, 밝게 분별함이 또렷하기 때문이다.",비기팽 무구(匪其彭，无咎) 그 팽팽함이 아니다. 허물이없다.
14,5,六五,yin,厥孚交如，威如；吉。,厥孚交如，信以發志也。威如之吉，易而无備也。,"그 믿음이 사귐은, 믿음으로 뜻을 발하기 때문이다. 위엄이 있는 길함은, 화평하여 방비하지 않기 때문이다.","궐부교여 위여 길(厥孚交如，威如,吉) 그믿음이 서로 사귐과 같다. 위엄이있다. 길하다."
14,6,上九,yang,自天佑之，吉无不利。,大有上吉，自天佑也。,"대유의 위가 길함은, 하늘로부터 도움을 받기 때문이다.",자천우지 길무불리(自天佑之，吉无不利) 하늘은 스스로 돕는자를 돕는다. 길하고 이롭지않은바가없다.
15,1,初六,yin,謙謙君子，用涉大川，吉。,謙謙君子，卑以自牧也。,"겸손하고 겸손한 군자는, 낮은 데로 스스로를 기르기 때문이다.","겸겸군자 용섭대천 길(謙謙君子，用涉大川，吉) 겸손하도다 군자여, 큰강을 건너니 길하다."
15,2,六二,yin,鳴謙，貞吉。,鳴謙貞吉，中心得也。,"겸손을 알리고 바르고 길함은, 마음속에 얻음이 있기 때문이다.",명겸 정길(鳴謙，貞吉) 겸손함이 드러나니 바르고 길하다.
15,3,九三,yang,勞謙君子，有終吉。,勞謙君子，萬民服也。,"수고하며 겸손한 군자에게, 만민이 복종하기 때문이다.",노겸군자 유종길(勞謙君子，有終吉) 힘써 겸손한 군자는 끝이있고 길하다.
15,4,六四,yin,无不利，撝謙。,无不利撝謙；不違則也。,"겸손을 펼침에 이롭지 않음이 없는 것은, 법칙을 어기지 않기 때문이다.",무불리 위겸(无不利，撝謙) 이롭지않은바가없다. 겸손을 돕는바이다.
15,5,六五,yin,不富，以其鄰，利用侵伐，无不利。,利用侵伐，征不服也。,"쳐들어감이 이로움은, 복종하지 않는 것을 정벌하기 때문이다.","불부 이기린 이용침벌 무불리(不富, 以其鄰 利用侵伐，无不利) 부유하지않다. 그 이웃과 더불어 침벌함이 이롭다. 이롭지않은바가없다."
15,6,上六,yin,鳴謙，利用行師，征邑國。,鳴謙，志未得也。可用行師，征邑國也。,"겸손을 알림은, 뜻을 아직 얻지 못했기 때문이다. 군사를 쓸 수 있음은, 읍국을 정벌하기 때문이다.",명겸 이용행사 정읍국(鳴謙，利用行師，征邑國) 겸손함이 울리니 군사를 행함이 이롭다. 고을과 나라를 정벌한다.
16,1,初六,yin,鳴豫，凶。,初六鳴豫，志窮凶也。,"초육이 예(즐거움)를 알림은, 뜻이 다해 흉하기 때문이다.",명예 흉(鳴豫，凶) 울우니 예상하면 흉하다.
16,2,六二,yin,介于石，不終日，貞吉。,不終日，貞吉；以中正也。,"하루를 마치지 않음에 바르고 길함은, 중정하기 때문이다.",개우석 불종일 정길(介于石，不終日，貞吉) 돌사이에 끼니 하루가 끝나지 않는다. 바르면 길하다.
16,3,六三,yin,盱豫，悔。遲有悔。,盱豫有悔，位不當也。,"우러러보며 즐거워해 후회가 있음은, 자리가 마땅하지 않기 때문이다.",우예 회 누유회(盱豫，悔。遲有悔) 처다보고나서 예상하니 후회한다. 늦음을 후회한다.
16,4,九四,yang,由豫，大有得。勿疑。朋盍簪。,由豫，大有得；志大行也。,"예로 말미암아 크게 얻음은, 뜻이 크게 행해지기 때문이다.",유예 대유득 물의 붕개마(由豫，大有得。勿疑。朋盍簪) 연유로 예측하니 크게 얻는바가있다. 의심하지 말라 친구가 속히 덮는다.
16,5,六五,yin,貞疾，恆不死。,六五貞疾，乘剛也。恆不死，中未亡也。,"육오가 바르나 병듦은, 강을 타고 있기 때문이다. 길이 죽지 않음은, 가운데가 아직 없어지지 않았기 때문이다.",정질 항불사(貞疾，恆不死) 병에 곧으니 항시 죽지않는다.
16,6,上六,yin,冥豫，成有渝，无咎。,冥豫在上，何可長也。,"어두운 즐거움이 위에 있음은, 어찌 오래갈 수 있겠는가.",명예 성유유 무구(冥豫，成有渝，无咎) 어둠속에 예측하니 변화하는것을 완성한다. 허물이없다.
17,1,初九,yang,官有渝，貞吉。出門交有功。,官有渝，從正吉也。出門交有功，不失也。,"관직이 변함은, 바름을 따르면 길하기 때문이다. 문을 나서 사귀어 공이 있음은, 잃지 않기 때문이다.",관유유 정길 출문교이공(官有渝，貞吉。出門交有功) 기관은 변함이 있다. 바르면 길하다. 문을 나서 사귐에 공이있다.
17,2,六二,yin,系小子，失丈夫。,系小子，弗兼與也。,"어린아이에게 매임은, 겸하여 줄 수 없기 때문이다.",계소자 실장부(系小子，失丈夫) 소자를 이으나 장부를 잃는다.
17,3,六三,yin,系丈夫，失小子。隨，有求得利，居貞。,系丈夫，志舍下也。,"장부에게 매임은, 뜻이 아래를 버리기 때문이다.",계장부 실소자 수유구득 이거정(系丈夫，失小子。隨有求得，利居貞) 장부를 이으나 소자를 잃는다. 수는 얻음을 구하는 바이다. 거함이 바르면 이롭다.
17,4,九四,yang,隨有獲，貞凶。有孚在道，以明，何咎。,隨有獲，其義凶也。有孚在道，明功也。,"따라서 얻음이 있음은, 그 뜻이 흉하기 때문이다. 도에 믿음이 있음은, 공을 밝히기 때문이다.",수유획 정흉 유부재도 이명 하구(隨有獲，貞凶。有孚在道，以明，何咎) 수는 획득함이있다. 바르려고하나 근심이있다. 길이 밝으니 믿는바가있다. 어찌 허물이겠는가?
17,5,九五,yang,孚于嘉，吉。,孚于嘉，吉；位正中也。,"아름다운 데 믿음이 있어 길함은, 자리가 바르고 가운데 있기 때문이다.",부우가(孚于嘉，吉) 아름다운바를 믿는다 길하다.
17,6,上六,yin,拘系之，乃從維之。王用亨于西山。,拘系之，上窮也。,"억지로 붙잡아 매는 것은, 위가 궁하기 때문이다.",구게지 내종유지 왕용형우서산(拘系之，乃從維之。王用亨于西山) 그것을 매고 구속하니 이내 유지하고 따른다. 왕이 서산에서 형통하여 쓰는바이다.
18,1,初六,yin,幹父之蠱，有子考，无咎，厲終吉。,幹父之蠱，意承考也。,"아버지의 고(폐단)를 다스림은, 뜻이 아버지의 일을 이어받기 때문이다.",간부지고 유자고 무구 려종길(幹父之蠱，有子考，无咎，厲終吉) 아버지의 주된 일을 자식이 있어 살피니 허물이 없다. 힘써 끝이 길하다.
18,2,九二,yang,幹母之蠱，不可貞。,幹母之蠱，得中道也。,"어머니의 고를 다스림은, 중도의 도를 얻기 때문이다.",간모지고 북가정(幹母之蠱，不可貞) 어머지의 주된 일은 바를수없다. (어렵다.)
18,3,九三,yang,幹父之蠱，小有悔，无大咎。,幹父之蠱，終无咎也。,"아버지의 고를 다스림은, 끝에 허물이 없기 때문이다.",간부지고 소유회 무대구(幹父之蠱，小有悔，无大咎) 아버지의 주된 일은 작은 후회는 있으나 큰 허물은 없다.
18,4,六四,yin,裕父之蠱，往見吝。,裕父之蠱，往未得也。,"아버지의 고를 너그럽게 둠은, 가도 얻지 못하기 때문이다.",예부지고 왕견인(裕父之蠱，往見吝) 관대한 아버지의 일은 가보면 소중하다.
18,5,六五,yin,幹父之蠱，用譽。,幹父用譽，承以德也。,"아버지의 고를 다스려 명예를 얻음은, 덕으로 이어받기 때문이다.",간부지고 용예(幹父之蠱，用譽) 아버지의 주된일은 명예를 씀이다.
18,6,上九,yang,不事王侯，高尚其事。,不事王侯，志可則也。,"왕후를 섬기지 않음은, 뜻을 본받을 만하기 때문이다.",불사왕후 고상기사(不事王侯，高尚其事) 왕후를 섬기지않는다. 그일이 높이어 높다.
19,1,初九,yang,咸臨，貞吉。,咸臨貞吉，志行正也。,"함께 임하여 바르고 길함은, 뜻과 행동이 바르기 때문이다.",함임 정길(咸臨，貞吉) 임을 온전케하니 바르고 길하다.
19,2,九二,yang,咸臨，吉无不利。,咸臨，吉无不利；未順命也。,"함께 임하여 길하고 이롭지 않음이 없음은, 명에 아직 순종하지 않았기 때문이다.",함임 길무불리(咸臨，吉无不利) 임함에 다하니 길하다. 이롭지않은바가 없다.
19,3,六三,yin,甘臨，无攸利。既憂之，无咎。,甘臨，位不當也。既憂之，咎不長也。,"달콤하게 임함은, 자리가 마땅하지 않기 때문이다. 이미 근심하면, 허물이 오래가지 않는다.",감임 무유리 기우지 무구(甘臨，无攸利。既憂之，无咎) 괜찮게 임하다. 이로운바는 없다. 이미 그것이 근심이다. 허물은 없다.
19,4,六四,yin,至臨，无咎。,至臨无咎，位當也。,"지극히 임하여 허물이 없음은, 자리가 마땅하기 때문이다.",지임 무구(至臨，无咎) 지극히 임하다. 허물은 없다.
19,5,六五,yin,知臨，大君之宜，吉。,大君之宜，行中之謂也。,"대군의 마땅함은, 가운데로 행함을 말한다.",지임 대군지의 길(知臨，大君之宜，吉) 임함을 알다. 대군의 알맞은 바이다. 길하다.
19,6,上六,yin,敦臨，吉无咎。,敦臨之吉，志在內也。,"두텁게 임함의 길함은, 뜻이 안에 있기 때문이다.",돈임 길무구(敦臨，吉无咎) 임함에 힘쓴다. 길하고 허물없다.
20,1,初六,yin,童觀，小人无咎，君子吝。,初六童觀，小人道也。,"초육이 아이처럼 봄은, 소인의 도이다.",동관 소인무구 군자린(童觀，小人无咎，君子吝) 어린아이가 본다. 소인은 허물이없다. 군자는 곤란하다.
20,2,六二,yin,窺觀，利女貞。,窺觀女貞，亦可丑也。,"엿보아 보는 것은 여자의 바름이라도, 또한 부끄러울 만하다.",규친 이여정(窺觀，利女貞) 엿보다. 여자가 바르니 이롭다.
20,3,六三,yin,觀我生，進退。,觀我生，進退；未失道也。,"내 삶을 보아 나아가고 물러섬은, 도를 잃지 않기 때문이다.",관아생 진퇴(觀我生，進退) 내가 살아있음을 본다. 나아가고 물러난다.
20,4,六四,yin,觀國之光，利用賓于王。,觀國之光，尚賓也。,"나라의 빛남을 봄은, 손님으로 높임을 받기 때문이다.",관국지광 이용빈우왕(觀國之光，利用賓于王) 나라의 빛을 본다. 왕에게 손님이 있으니 이롭다.
20,5,九五,yang,觀我生，君子无咎。,觀我生，觀民也。,"내 삶을 봄은, 백성을 보는 것이다.",관아생 군자무구(觀我生，君子无咎) 내가 살아있음을 본다. 군자가 허물이없다.
20,6,上九,yang,觀其生，君子无咎。,觀其生，志未平也。,"그 삶을 봄은, 뜻이 아직 평안하지 않기 때문이다.",관기생 군자무구(觀其生，君子无咎) 그것이 살아있음을 본다. 군자는 허물이 없다.
21,1,初九,yang,屨校滅趾，无咎。,屨校滅趾，不行也。,"발에 형틀을 신어 발가락이 사라짐은, 행하지 못하게 하기 때문이다.",구교멸지(屨校滅趾) 무구(無咎) 구교멸지(屨校滅趾) 무구(無咎) :족쇄로 발을 묶는다. 허물이 없다.
21,2,六二,yin,噬膚滅鼻，无咎。,噬膚滅鼻，乘剛也。,"살점을 씹어 코가 사라짐은, 강을 타고 있기 때문이다.",서부멸비(噬膚滅鼻) 무구(無咎) 살갗을 깨물어 코가 다한다. 허물은 없다.
21,3,六三,yin,噬臘肉，遇毒；小吝，无咎。,遇毒，位不當也。,"독을 만남은, 자리가 마땅하지 않기 때문이다.",서랍육(噬臘肉) 우독소린(遇毒小吝) 무구(無咎) 납일(臘日)납육(臘肉)을 씹는다. 근심을 만나나 인색함은 적다. 허물은 없다.
21,4,九四,yang,噬乾胏，得金矢，利艱貞，吉。,利艱貞吉，未光也。,"어렵게 바르면 길함은, 아직 빛나지 않기 때문이다.",서건자득금시(噬乾胏得金矢) 이간정(利艱貞) 길(吉) (뼈가 붙은)마른고기를 씹다가 황금화살을 얻는다. 올바름에 힘쓰니 이롭다. 길(吉)하다.
21,5,六五,yin,噬乾肉，得黃金，貞厲，无咎。,貞厲无咎，得當也。,"바르고 위태로워도 허물이 없음은, 마땅함을 얻기 때문이다.","서건육득황금(噬乾肉得黃金) 정려무구(貞厲無咎) 마른 고기를 씹으니 황금을 얻는다. 올바름 , 곧음에 힘쓰니 허물은 없다."
21,6,上九,yang,何校滅耳，凶。,何校滅耳，聰不明也。,"형틀을 목에 지고 귀가 사라짐은, 귀가 밝지 못하기 때문이다.",하교멸이(何校滅耳) 흉(凶) 차꼬에 메이니 귀가 다한다. 흉(凶)하다.
22,1,初九,yang,賁其趾，舍車而徒。,舍車而徒，義弗乘也。,"수레를 버리고 걸음은, 의리상 타지 않기 때문이다.",분기지 사거이도(賁其趾，舍車而徒) 그 발이 분주하다. 수레를 버리고 보행한다.
22,2,六二,yin,賁其須。,賁其須，與上興也。,"수염을 꾸밈은, 위와 함께 일어나기 때문이다.",비기수(賁其須) 그 수염을 꾸민다.
22,3,九三,yang,賁如濡如，永貞吉。,永貞之吉，終莫之陵也。,"길이 바름의 길함은, 끝내 업신여김을 받지 않기 때문이다.",비여수여 영정길(賁如濡如，永貞吉) 꾸미니 온화하다. 바름이 길하고 오래간다.
22,4,六四,yin,賁如皤如，白馬翰如，匪寇婚媾。,六四，當位疑也。匪寇婚媾，終无尤也。,"육사는, 자리가 마땅해도 의심함이다. 도적이 아니라 혼인함이니, 끝내 허물이 없다.",비여파여 백마간여 비구혼구(賁如皤如，白馬翰如，匪寇婚媾) 희게 꾸미니 흰말의 털같다. 비적이 아니면 혼사로 화친한다.
22,5,六五,yin,賁於丘園，束帛戔戔，吝，終吉。,六五之吉，有喜也。,"육오의 길함은, 기쁨이 있기 때문이다.",비어구원 속면잔잔 린 종길(賁於丘園，束帛戔戔，吝，終吉) 무덤을 꾸민다. 비단묶음이 남는다. 인색하나 끝에는 길하다.
22,6,上九,yang,白賁，无咎。,白賁无咎，上得志也。,"흰 꾸밈이 허물이 없음은, 위가 뜻을 얻기 때문이다.",백비 무구(白賁，无咎) 깨끗하게 꾸민다. 허물이 없다.
23,1,初六,yin,剝牀以足，蔑貞凶。,剝牀以足，以滅下也。,"침상의 발부터 벗겨짐은, 아래부터 없애기 때문이다.",박상이족 무정흉(剝牀以足蔑 貞凶) 평상다리를 깍아 업신여김이다. 곧으나 흉하다.
23,2,六二,yin,剝牀以辨，蔑貞凶。,剝牀以辨，未有與也。,"침상의 몸통을 벗김은, 함께할 이가 아직 없기 때문이다.",박상이변 멸정흉(剝牀以辨，蔑貞凶) 평상을 바로잡으려 깍으니 업신여김이다. 곧으나 흉하다.
23,3,六三,yin,剝之，无咎。,剝之无咎，失上下也。,"벗겨져도 허물이 없음은, 위아래를 잃었기 때문이다.",박지 무구(剝之，无咎) 그것을 깍으나 허물이없다.
23,4,六四,yin,剝牀以膚，凶。,剝牀以膚，切近災也。,"침상의 살까지 벗김은, 재앙이 절박하게 가까웠기 때문이다.",박상이부 흉(剝牀以膚，凶) 평상을 깍으니 속살이다. 흉하다.
23,5,六五,yin,貫魚，以宮人寵，无不利。,以宮人寵，終无尤也。,"궁인처럼 총애를 받음은, 끝내 허물이 없기 때문이다.",관어 이궁인총 무불리(貫魚，以宮人寵，无不利) 물고기를 꿰다. 집사람들이 총애를 받는다. 불리함이없다.
23,6,上九,yang,碩果不食，君子得輿，小人剝廬。,君子得輿，民所載也。小人剝廬，終不可用也。,"군자가 수레를 얻음은, 백성이 싣기 때문이다. 소인이 집을 벗김은, 끝내 쓸 수 없기 때문이다.",석과불식 군자득여 소인박려(碩果不食，君子得輿，小人剝廬) 큰열매를 먹지않는다. 군자가 수레를 얻었다. 소인이 농막집을 깍는다.
24,1,初九,yang,不復遠，无袛悔，元吉。,不遠之復，以修身也。,"멀지 않아 돌아옴은, 몸을 닦기 때문이다.",불복원 무지회 원길(不復遠，无只悔，元吉) 멀어서 돌아가지않는다. 다만 후회가 없다. 본디 길하다.
24,2,六二,yin,休復，吉。,休復之吉，以下仁也。,"아름답게 돌아옴의 길함은, 어진 이를 아래로 하기 때문이다.",휴복 길(休復，吉) 돌아가다 쉰다. 길하다.
24,3,六三,yin,頻復，厲无咎。,頻復之厲，義无咎也。,"자주 돌아옴의 위태로움은, 의리상 허물이 없기 때문이다.",빈부 려무구(頻復，厲无咎) 급히 거듭한다. 힘쓰니 허물없다.
24,4,六四,yin,中行獨復。,中行獨復，以從道也。,"가운데로 홀로 돌아옴은, 도를 따르기 때문이다.",중행 독복(中行 獨復) 가운데간다. 홀로 돌아간다.
24,5,六五,yin,敦復，无悔。,敦復无悔，中以自考也。,"두텁게 돌아와 후회 없음은, 가운데로 스스로 살피기 때문이다.",조복 무회(敦復，无悔) 돌아감을 아로새기니 후회없다.
24,6,上六,yin,迷復，凶，有災眚。用行師，終有大敗，以其國君，凶；至于十年，不克征。,迷復之凶，反君道也。,"길을 잃고 돌아옴의 흉함은, 임금의 도를 거스르기 때문이다.","미복 흉 유재생 용행사 종유대패 이기국군 흉 지우십년 불극정(迷復，凶，有災眚。用行師，終有大敗，以其國君，凶,至于十年，不克征) 갈길을 헤매니 흉하다. 재앙이다. 행군을 하나 끝내 대패한다. 그나라임금때문에 흉하다. 십년이 다가도록 정복하지못한다."
25,1,初九,yang,无妄，往吉。,无妄之往，得志也。,"무망으로 감은, 뜻을 얻기 때문이다.",무망 왕길(无妄，往吉) 허망하지않다. 가는바가 길하다.
25,2,六二,yin,不耕穫，不菑畬，則利有攸往。,不耕穫，未富也。,"농사짓지 않고 거두지 않음은, 아직 부유하지 않기 때문이다.",불경획 불치여 즉이유유왕(不耕獲，不菑畬，則利有攸往) 경작을 제대로않했으나 얻는바가있다. 개간을 제대로하지않았는데 새밭인바가있다. 즉 가는바가있으면 이롭다는것이다.
25,3,六三,yin,无妄之災，或系之牛，行人之得，邑人之災。,行人得牛，邑人災也。,"지나가는 사람이 소를 얻음은, 마을 사람의 재앙이기 때문이다.",무망지재 혹계지우 행인지득 읍인지재(无妄之災，或系之牛，行人之得，邑人之災) 무망의 재앙은 혹 소가 매여 엮임과 같다. 행인이 얻는바가 될수있고 읍인의 재앙인바가될수있다.
25,4,九四,yang,可貞，无咎。,可貞无咎，固有之也。,"바르게 할 수 있어 허물이 없음은, 본래 지닌 것이기 때문이다.",가정무구(可貞，无咎) 바를수있으면 허물이 없겠다.
25,5,九五,yang,无妄之疾，勿藥有喜。,无妄之藥，不可試也。,"무망의 약은, 시험해선 안 되기 때문이다.",무망지질 물락유희(无妄之疾，勿藥有喜) 무망의 병은 기쁜바가 있으니 약하지않는다.
25,6,上九,yang,无妄，行有眚，无攸利。,无妄之行，窮之災也。,"무망의 행함이 끝에 가서는, 궁함의 재앙이기 때문이다.",무망 행유생 무유리(无妄，行有眚 无攸利) 무망은 행함에 잘못될수있다. 이로운바없다.
26,1,初九,yang,有厲利已。,有厲利已，不犯災也。,"위태로움이 있어 그침이 이로움은, 재앙을 범하지 않기 때문이다.",유려이이(有厲利已) 벌써 이로움을 염려하는바가 있다.
26,2,九二,yang,輿說輹。,輿說輹，中无尤也。,"수레가 굴대를 벗음은, 가운데 있어 허물이 없기 때문이다.",여탈복(輿說輹) 수레가 (차여와 차축의) 복토가 벗겨지다.
26,3,九三,yang,良馬逐，利艱貞。曰閑輿衛，利有攸往。,利有攸往，上合志也。,"가는 바가 있어 이로움은, 위와 뜻이 합하기 때문이다.","양마축 이간정 왈한여위 이유유왕(良馬逐，利艱貞。曰閑輿衛，利有攸往) 좋은말이 쫓는다 어렵게바르니 이롭다. 왈,한가히 수레를 지킨다. 가는바가있어 이롭다."
26,4,六四,yin,童牛之牿，元吉。,六四元吉，有喜也。,"육사가 크게 길함은, 기쁨이 있기 때문이다.",동시지곡 원길(童牛之牿，元吉) 어린돼지를 기르다. 원래 길하다.
26,5,六五,yin,豶豕之牙，吉。,六五之吉，有慶也。,"육오의 길함은, 경사가 있기 때문이다.",분시지아 길(豶豕之牙，吉) 불깐돼지어금니 길하다.
26,6,上九,yang,何天之衢，亨。,何天之衢，道大行也。,"하늘의 큰길을 여는 것은, 도가 크게 행해지기 때문이다.",하천지구 형(何天之衢，亨) 잠시 하늘의 네거리이다. 형통하다.
27,1,初九,yang,舍爾靈龜，觀我朵頤，凶。,觀我朵頤，亦不足貴也。,"내 턱을 늘어뜨려 봄은, 또한 귀할 만하지 않기 때문이다.",석이령구 관아염이 흉(舍爾靈龜，觀我朵頤，凶) 그 영묘한 거북이를 벌여놓고 내가 턱을 늘어트림을 본다. 흉하다.
27,2,六二,yin,顛頤，拂經，于丘頤，征凶。,六二征凶，行失類也。,"육이가 가면 흉함은, 행함이 무리를 잃기 때문이다.",전이 불경 우구이 정흉(顛頤，拂經，于丘頤，征凶) 꺼꾸로 기르다. 언덕에서 기르니 도리를 거스른다. 멀리나가나 흉하다.
27,3,六三,yin,拂頤，貞凶，十年勿用，无攸利。,十年勿用，道大悖也。,"십 년을 쓰지 말라는 것은, 도를 크게 어기기 때문이다.",불이 정흉 십년물용 무유리(拂頤，貞凶，十年勿用，无攸利) 기름을 거스르니 바르더라도 흉하다. 십년동안 쓰지말라 이로운바가 없다.
27,4,六四,yin,顛頤吉，虎視眈眈，其欲逐逐，无咎。,顛頤之吉，上施光也。,"기를 바꾸어도 길함은, 위의 베풂이 빛나기 때문이다.",전이길 호시탐탐 기욕축축 무구(顛頤吉，虎視眈眈，其欲逐逐，无咎) 꺼꾸로 기르나 이롭다. 호시탐탐 그것이 쫓을려고한다. 허물없다.
27,5,六五,yin,拂經，居貞吉，不可涉大川。,居貞之吉，順以從上也。,"머물러 바름의 길함은, 순하게 위를 따르기 때문이다.",불경 거정길 불가섭대천(拂經，居貞吉，不可涉大川) 경과하여 다다르니 거함에 바르면 길하다. 큰강을 건널수없다.
27,6,上九,yang,由頤，厲吉，利涉大川。,由頤厲吉，大有慶也。,"기름으로 말미암아 위태로워도 길함은, 크게 경사가 있기 때문이다.","요이 려길 이섭대천(由頤，厲吉，利涉大川) 웃는얼굴의 턱모양, 힘써노력하면 길하다. 큰강을 건너니 이롭다."
28,1,初六,yin,藉用白茅，无咎。,藉用白茅，柔在下也。,"흰 띠풀로 깔아 씀은, 유(음)가 아래에 있기 때문이다.",자용백모 무구(藉用白茅，无咎) 하얀띠풀로 깔개에 쓴다. 허물없다.
28,2,九二,yang,枯楊生稊，老夫得其女妻，无不利。,老夫女妻，過以相與也。,"늙은 지아비와 어린 아내는, 지나쳐 서로 더불기 때문이다.",고양생제 노부득기여처 무불리(枯楊生稊，老夫得其女妻，无不利) 시든 버드나무 돌피를 자라게한다. 늙은이가 그여첩을 얻는다. 이롭지않음이없다.
28,3,九三,yang,棟橈，凶。,棟橈之凶，不可以有輔也。,"용마루가 휨의 흉함은, 도울 수 없기 때문이다.",동요 흉(棟橈，凶) 지붕 용마루가 구분다. 흉하다.
28,4,九四,yang,棟隆，吉。有它吝。,棟隆之吉，不橈乎下也。,"용마루가 솟음의 길함은, 아래에서 휘지 않기 때문이다.",동륭 길 유타린(棟隆，吉。有它吝) 마룻대가 높다. 길하다. 다른 근심이 있다.
28,5,九五,yang,枯楊生華，老婦得其士夫，无咎无譽。,枯楊生華，何可久也。老婦士夫，亦可丑也。,"마른 버드나무가 꽃을 피움은, 어찌 오래가겠는가. 늙은 아낙과 젊은 지아비는, 또한 부끄러울 만하다.",고양생화 노부득사부 무구무예(枯楊生華，老婦得士夫，无咎无譽) 시든 버드나무에 꽃이핀다. 할머니가 사부(士夫)를 얻는다. 허물도없고 명예도없다.
28,6,上六,yin,過涉滅頂，凶，无咎。,過涉之凶，不可咎也。,"지나치게 건넘의 흉함은, 허물할 수 없기 때문이다.",과섭멸정 흉 무구(過涉滅頂，凶，无咎) 머리가 잠겨 건너지난다. 흉하다. 허물없다.
29,1,初六,yin,習坎，入于坎窞，凶。,習坎入坎，失道凶也。,"험에 익숙해져 구덩이에 들어감은, 도를 잃어 흉하기 때문이다.",습감 입우감담 흉(習坎，入于坎窞，凶) 고생에 익숙하다. 크고작은 구덩이에 들어간다. 흉하다.
29,2,九二,yang,坎有險，求小得。,求小得，未出中也。,"작은 얻음을 구함은, 아직 가운데서 나오지 못했기 때문이다.",감유험 구소득(坎有險，求小得) 구덩이는 위험이 있다. 작은 얻음을 구한다.
29,3,六三,yin,來之坎坎，險且枕，入于坎窞，勿用。,來之坎坎，終无功也。,"오고 감이 다 험함은, 끝내 공이 없기 때문이다.",래지감감 험차침 입우감담 물용(來之坎坎，險且枕，入于坎窞，勿用) 오고가니 괴롭다. 위험하고 또 방해한다. 크고작은 구덩이에 들어간다. 쓰지말라
29,4,六四,yin,樽酒簋貳，用缶，納約自牖，終无咎。,樽酒簋貳，剛柔济也。,"술동이와 제기 둘은, 강과 유가 서로 돕기 때문이다.","준주궤이 용부 납약자유 종무구(樽酒簋貳，用缶，納約自牖，終无咎) 술통의 술과 제기 두개, 장군을 쓴다. 고생을 받고 스스로 깨우친다. 끝은 허물없다."
29,5,九五,yang,坎不盈，祗既平，无咎。,坎不盈，中未大也。,"험의 물이 차지 않음은, 가운데가 아직 크지 않기 때문이다.",감불영 지기평 무구(坎不盈，只既平，无咎) 구덩이가 차지않았다. 단지 이미 평평하다. 허물없다.
29,6,上六,yin,係用徽纆，寘于叢棘，三歲不得，凶。,上六失道，凶三歲也。,"상육이 도를 잃음은, 삼 년 동안 흉하기 때문이다.",계용휘묵 치어총극 삼세부득 흉(繫用徽纆，寘于叢棘，三歲不得，凶) 맴에 아름다운 노끈을 쓴다. 덩굴가시에 둔다. 삼년동안 얻지못한다. 흉하다.
30,1,初九,yang,履錯然，敬之无咎。,履錯之敬，以辟咎也。,"발걸음이 어긋나도 공경함은, 허물을 피하기 때문이다.",리착연 경지무구(履錯然，敬之无咎) 착각해서 밟는다. 그것을 공경하니 허물이없다.
30,2,六二,yin,黃離，元吉。,黃離元吉，得中道也。,"누런 붙음이 크게 길함은, 중도의 도를 얻기 때문이다.",황이 원길(黃離，元吉) 근심을 앓다. 본디 길하다.
30,3,九三,yang,日昃之離，不鼓缶而歌，則大耋之嗟，凶。,日昃之離，何可久也。,"해가 기울어 붙음은, 어찌 오래가겠는가.",일측지리 불고결이가 즉대질지차 흉(日昃之離，不鼓缶而歌，則大耋之嗟，凶) 날이 기우니 헤어진다. 북이아니고 그릇으로 노래한즉 아주 늙은이가 탄식한다. 흉하다.
30,4,九四,yang,突如其來如，焚如，死如，棄如。,突如其來如，无所容也。,"갑자기 옴은, 용납될 곳이 없기 때문이다.",돌여기래여 분여 사여 기여(突如其來如，焚如，死如，棄如) 갑자기 그이후로 불사르고 죽고 버림 같다.
30,5,六五,yin,出涕沱若，戚嗟若，吉。,六五之吉，離王公也。,"육오의 길함은, 왕공에게 붙기 때문이다.",출체타약 척차약 길(出涕沱若，戚嗟若，吉) 눈물이 나옴같고 근심하고 탄식함같다. 길하다.
30,6,上九,yang,王用出征，有嘉折首，獲匪其醜，无咎。,王用出征，以正邦也。,"왕이 출정함은, 나라를 바르게 하기 때문이다.",왕용출정 유가절수 획기비축 무구(王用出征，有嘉折首，獲其匪丑，无咎) 왕이 출정을 한다. 머리를 꺽으니 기쁨이 있다. 그 소아닌것을 잡으니 허물없다.
31,1,初六,yin,咸其拇。,咸其拇，志在外也。,"그 엄지발가락에 감응함은, 뜻이 밖에 있기 때문이다.",함기무(咸其拇) 그 엄지손가락이 두루 미친다.
31,2,六二,yin,咸其腓，凶，居吉。,雖凶，居吉，順不害也。,"비록 흉하나, 머물면 길함은, 순하면 해롭지 않기 때문이다.",함기비 흉 거길(咸其腓，凶，居吉) 그 장딴지가 두루미친다. 흉하다. 거하니 길하다.
31,3,九三,yang,咸其股，執其隨，往吝。,咸其股，亦不處也。志在隨人，所執下也。,"그 넓적다리에 감응함은, 또한 머물지 않기 때문이다. 뜻이 남을 따르는 데 있어, 잡은 바가 낮기 때문이다.",함기고 집기수 왕린(咸其股，執其隨，往吝) 그 넓적다리에 두루미치니 그 발꿈치를 잡는다. 감에 인색하다.
31,4,九四,yang,貞吉悔亡，憧憧往來，朋從爾思。,貞吉悔亡，未感害也。憧憧往來，未光大也。,"바르고 길하여 후회가 사라짐은, 아직 감응의 해가 없기 때문이다. 동경하며 오고 감은, 아직 빛나고 크지 못하기 때문이다.",정길회망 동동황래 붕종이사(貞吉悔亡，憧憧往來，朋從爾思) 바르니 길하고 잊음을 후회한다. 동경하여 가고온다. 친구가 너의 생각을 쫓는다.
31,5,九五,yang,咸其脢，无悔。,咸其脢，志末也。,"그 등뼈에 감응함은, 뜻이 끝에 있기 때문이다.",함기매 무회(咸其脢，无悔) 그 등골뼈에 두루미치니 후회가 없다.
31,6,上六,yin,咸其輔，頰，舌。,咸其輔，頰，舌，滕口說也。,"그 볼·뺨·혀에 감응함은, 입만 움직여 말함이다.",함기보 협설(咸其輔，頰舌) 그 광대뼈에 두루미치니 뺨과 혀이다.
32,1,初六,yin,浚恆，貞凶，无攸利。,浚恆之凶，始求深也。,"깊이 팜(지나침)의 흉함은, 처음부터 깊이를 구하기 때문이다.",준항 정흉 무유리(浚恒，貞凶，无攸利) 늘 깊으니 바르나 흉하다. 이로운바가없다.
32,2,九二,yang,悔亡。,九二悔亡，能久中也。,"구이가 후회가 사라짐은, 가운데에 오래할 수 있기 때문이다.",회망(悔亡) 잃음을 후회한다.
32,3,九三,yang,不恆其德，或承之羞，貞吝。,不恆其德，无所容也。,"그 덕을 오래하지 못함은, 용납될 곳이 없기 때문이다.",불항기덕 혹승지수 정린(不恆其德，或承之羞，貞吝) 그덕이 늘 두루 미치지못하다. 혹 높음의 부끄러움으로 바르나 근심이다.
32,4,九四,yang,田无禽。,久非其位，安得禽也。,"그 자리가 아닌 데 오래함은, 어찌 짐승을 얻겠는가.",전무금(田无禽) 전이 날짐승이 없다.
32,5,六五,yin,恆其德，貞，婦人吉，夫子凶。,婦人貞吉，從一而終也。夫子制義，從婦凶也。,"부인이 바르고 길함은, 하나를 좇아 끝내기 때문이다. 지아비는 의리를 결단해야 하니, 부인을 좇으면 흉하다.",항기덕 정 부인길 부자흉(恆其德，貞，婦人吉，夫子凶) 그덕이 두리미치다. 바르다. 부인이 길하다. 남편이 흉하다.
32,6,上六,yin,振恆，凶。,振恆在上，大无功也。,"위에서 항을 흔들어 깨뜨림은, 큰 공이 없기 때문이다.",진항 흉(振恒，凶) 항상 무리를 지어 날다. 흉하다.
33,1,初六,yin,遯尾，厲，勿用有攸往。,遯尾之厲，不往何災也。,"물러남의 꼬리가 되는 위태로움은, 가지 않으면 무슨 재앙이 있겠는가.",둔미 려 물용유유왕(遯尾，厲，勿用有攸往) 꼬리가 달아난다. 괴로우나 갈바가있음을 쓰지말라
33,2,六二,yin,執之用黃牛之革，莫之勝說。,執用黃牛，固志也。,"누런 소(중색)로 붙잡음은, 뜻을 굳게 하기 때문이다.",집지용황우지혁 막지승설(執之用黃牛之革，莫之勝說) 황소의 가죽을 씀을 잡는다. 승리를 기뻐하지 말아라
33,3,九三,yang,系遯，有疾厲，畜臣妾吉。,系遯之厲，有疾憊也。畜臣妾吉，不可大事也。,"매여 물러나지 못함의 위태로움은, 병들어 지침이 있기 때문이다. 신첩을 기르는 것은 길하나, 큰일은 할 수 없다.",계둔 유질려 축신첩길(系遯，有疾厲，畜臣妾吉) 달아남이 매이다. 신하와 시녀를 모으니 길하다.
33,4,九四,yang,好遯君子吉，小人否。,君子好遯，小人否也。,"군자는 물러남을 좋아하나, 소인은 그렇지 않기 때문이다.",호둔군자길 소인비(好遯君子吉，小人否) 군자를 회피함을 좋아하니 길하다. 소인은 막힌다.
33,5,九五,yang,嘉遯，貞吉。,嘉遯貞吉，以正志也。,"아름답게 물러나 바르고 길함은, 뜻을 바르게 하기 때문이다.",가돈 정길(嘉遯，貞吉) 피하니 아름답다. 바르니 길하다.
33,6,上九,yang,肥遯，无不利。,肥遯，无不利；无所疑也。,"여유롭게 물러남이 이롭지 않음이 없는 것은, 의심할 바가 없기 때문이다.",비돈 무불리(肥遯，无不利) 기름짐을 피한다. 이롭지않음이 없다.
34,1,初九,yang,壯于趾，征凶，有孚。,壯于趾，其孚窮也。,"발가락이 굳셈은, 그 믿음이 궁하기 때문이다.",장우지 정흉 유부(壯于趾，征凶，有孚) 발이 씩씩하다. 먼길을 가나 흉하다. 믿음이 있다.
34,2,九二,yang,貞吉。,九二貞吉，以中也。,"구이가 바르고 길함은, 가운데 있기 때문이다.",정길(貞吉) 바르니 길하다.
34,3,九三,yang,小人用壯，君子用罔，貞厲。羝羊觸藩，羸其角。,小人用壯，君子罔也。,"소인은 굳셈을 쓰나, 군자는 쓰지 않기 때문이다.",소인용장 군자용망 정려 저양촉번 리기각(小人用壯，君子用罔，貞厲。羝羊觸藩，羸其角) 소인은 씩씩함을 쓴다. 군자는 속임을 쓴다. 바름에 힘쓴다. 숫향이 울타리에 닿았다. 그 뿔이 파리하다.
34,4,九四,yang,貞吉悔亡，藩決不羸，壯于大輿之輹。,藩決不羸，尚往也。,"울타리가 무너져 걸리지 않음은, 가기를 숭상하기 때문이다.",정길회망 번결불리 장우대여지복(貞吉悔亡，藩決不羸，壯于大輿之輹) 바르니 길하나 잃음을 근심하다. 울타리가 터지니 괴로워하지않는다. 큰수레의 복토(伏兔)가 견고하다.
34,5,六五,yin,喪羊于易，无悔。,喪羊于易，位不當也。,"양을 쉽게 잃음은, 자리가 마땅하지 않기 때문이다.",상양우역 무회(喪羊于易，无悔) 바뀜에서 양을 잃다. 후회는없다.
34,6,上六,yin,羝羊觸藩，不能退，不能遂，无攸利，艱則吉。,不能退，不能遂，不詳也。艱則吉，咎不長也。,"물러날 수도 나아갈 수도 없음은, 살피지 않기 때문이다. 어렵게 하면 길하니, 허물이 오래가지 않는다.",저양촉번 불능퇴 불능수 무유리 간즉길(羝羊觸藩，不能退，不能遂，无攸利，艱則吉) 숫양이 울타리에 닿았다. 물러날수없고 따를수도 없다. 이로운바가 없다. 어려운즉 길하다.
35,1,初六,yin,晉如，摧如，貞吉。罔孚，裕无咎。,晉如，摧如；獨行正也。裕无咎；未受命也。,"나아가려 해도 꺾임은, 홀로 바르게 행하기 때문이다. 너그러우면 허물이 없음은, 아직 명을 받지 않았기 때문이다.",진여 최여 정길 망부 유무구(晉如，摧如，貞吉。罔孚，裕无咎) 나아가는것같고 물러나는것같다. 바르니 길하다. 믿음을 엮는다. 넉넉하니 허물이없다.
35,2,六二,yin,晉如，愁如，貞吉。受茲介福，于其王母。,受茲介福，以中正也。,"이 큰 복을 받음은, 중정하기 때문이다.",진여 추여 정길 수자개복 우기왕모(晉如，愁如，貞吉。受茲介福，于其王母) 억누르는것같고 괴롭히는것같다. 바르니 길하다. 그 왕모(王母)로부터 복(福) 사이에 끼여 더욱 받는다.
35,3,六三,yin,眾允，悔亡。,眾允之志，上行也。,"무리가 허락하는 뜻은, 위로 행하기 때문이다.",중윤 회무(衆允，悔亡) 군신들이 미쁘다. 후회는 없다.
35,4,九四,yang,晉如鼫鼠，貞厲。,鼫鼠貞厲，位不當也。,"들쥐(貪한 자)가 바르나 위태로움은, 자리가 마땅하지 않기 때문이다.",진여석서 정려(晉如鼫鼠，貞厲) 사이에 끼임이 바위다람쥐같다. 바름이 괴롭다.
35,5,六五,yin,悔亡，失得勿恤，往吉无不利。,失得勿恤，往有慶也。,"얻고 잃음을 근심하지 않음은, 가면 경사가 있기 때문이다.",회망 실득물휼 왕길무불리(悔亡，失得勿恤，往吉无不利) 잊음을 후회한다. 잃기도 하고 얻기도 하니 불쌍히 여기지말라 가는것이 이롭지않음이 없으니 길하다.
35,6,上九,yang,晉其角，維用伐邑，厲吉无咎，貞吝。,維用伐邑，道未光也。,"오직 읍을 칠 때 씀은, 도가 아직 빛나지 않기 때문이다.",진기각 유용용벌읍 려길무구 정린(晉其角，維用伐邑，厲吉无咎，貞吝) 그뿔를 억누른다. 오직 읍을침략함을 행한다. 힘쓰니 길하다. 허물이없다. 바르나 인색하다.
36,1,初九,yang,明夷于飛，垂其翼。君子于行，三日不食，有攸往，主人有言。,君子于行，義不食也。,"군자가 떠남은, 의리상 먹지 않기 때문이다.",명이우비 수기익 군자우행 삼일불식 유유왕 주인유언(明夷于飛，垂其翼。君子于行，三日不食，有攸往，主人有言) 날아오름에서 명이이다. 그날개를 드리운다. 행함에서 군자이다. 삼일동안 먹지않는다. 갈바가있다. 주인이 약속한다.
36,2,六二,yin,明夷，夷于左股，用拯馬壯，吉。,六二之吉，順以則也。,"육이의 길함은, 순하여 법칙을 따르기 때문이다.","명이(明夷) 이우좌고 용증마장 길(明夷，夷于左股，用拯馬壯，吉) 명이, 왼족 넓적다리에서 온화하다. 말이 씩식함을 도움을 행하다. 길하다."
36,3,九三,yang,明夷于南狩，得其大首，不可疾貞。,南狩之志，乃大得也。,"남쪽 사냥의 뜻은, 크게 얻기 때문이다.",명이우남수 득기대수 불가질정(明夷于南狩，得其大首，不可疾貞) 명이(明夷)가 남쪽 임지(任地)에 있다. 그 큰머리를 얻다. 바름이 병일수없다.
36,4,六四,yin,入于左腹，獲明夷之心，于出門庭。,入于左腹，獲心意也。,"왼쪽 배 속으로 들어감은, 마음의 뜻을 얻기 때문이다.",입우조복 획명이지심 출우문정(入于左腹，獲明夷之心，出于門庭) 왼쪽 배에 들어간다. 명이의 마음을 얻다. 문뜰에 나간다.
36,5,六五,yin,箕子之明夷，利貞。,箕子之貞，明不可息也。,"기자의 바름은, 밝음이 꺼질 수 없기 때문이다.",기자지명이 이정(箕子之明夷，利貞) 기자(箕子)의 명이(明夷)이다. 바르니이롭다.
36,6,上六,yin,不明晦，初登于天，后入于地。,初登于天，照四國也。后入于地，失則也。,"처음 하늘에 오름은, 사방 나라를 비추기 때문이다. 뒤에 땅으로 들어감은, 법칙을 잃었기 때문이다.",불명회 초등우천 후입우지(不明晦，初登于天，后入于地) 그믐이 밝지않다. 처음 하늘에 오른다. 뒤에 땅에 들어간다.
37,1,初九,yang,閑有家，悔亡。,閑有家，志未變也。,"집에 법도를 세움은, 뜻이 아직 변하지 않았기 때문이다.",한유가 회망(閑有家，悔亡) 집에 있으니 한가롭다. 잊음을 후회한다.
37,2,六二,yin,无攸遂，在中饋，貞吉。,六二之吉，順以巽也。,"육이의 길함은, 순하고 유순하기 때문이다.",무유수 재중궤 정길(无攸遂，在中饋，貞吉) 따르는바가없다. 식사중에있다. 곧으니 길하다.
37,3,九三,yang,家人嗃嗃，悔厲吉；婦子嘻嘻，終吝。,家人嗃嗃，未失也；婦子嘻嘻，失家節也。,"집안이 엄하게 꾸짖는 것은, 아직 잃지 않은 것이다. 아녀자가 실실 웃음은, 집의 절도를 잃음이다.","가인엄효 회려길 부자희희 종린(家人嗃嗃，悔厲吉,婦子嘻嘻，終吝) 가인이 엄하고 큰소리로 외친다. 미워함을 후회하나 길하다. 부자가 화락하고 웃다. 끝은 인색하다."
37,4,六四,yin,富家，大吉。,富家大吉，順在位也。,"집이 부유해 크게 길함은, 순하게 자리에 있기 때문이다.",부가 대길(富家，大吉) 집이 부유하니 크게 길하다.
37,5,九五,yang,王假有家，勿恤。吉。,王假有家，交相愛也。,"왕이 집에 이름은, 서로 사랑하기 때문이다.",왕격유가 물휼 길(王假有家，勿恤。吉) 왕이 집에 이르다. 근심하지말라 길하다.
37,6,上九,yang,有孚威如，終吉。,威如之吉，反身之謂也。,"위엄이 있는 길함은, 자신에게 돌이켜 봄을 말한다.",유부위여 종길(有孚威如，終吉) 믿음이 있으니 권세같다. 끝이 길하다.
38,1,初九,yang,悔亡，喪馬勿逐，自復；見惡人无咎。,見惡人，以辟咎也。,"악한 사람을 봄은, 허물을 피하기 때문이다.","회망 상마물축 자복 견오인무구(悔亡，喪馬勿逐，自復,見惡人无咎) 잃음을 후회한다. 말을 잃으나 쫓지말라 스스로 돌아온다. 사람이 병들음을 보나 허물은 없다."
38,2,九二,yang,遇主于巷，无咎。,遇主于巷，未失道也。,"골목에서 주인을 만남은, 아직 도를 잃지 않았기 때문이다.",우주우항 무구(遇主于巷，无咎) 문밖에서 주인을 만난다. 허물없다.
38,3,六三,yin,見輿曳，其牛掣，其人天且劓，无初有終。,見輿曳，位不當也。无初有終，遇剛也。,"수레가 끌려감을 봄은, 자리가 마땅하지 않기 때문이다. 처음이 없어도 끝이 있음은, 강을 만나기 때문이다.",견예예 기우체 기인천차의 무초유종(見輿曳，其牛掣，其人天且劓，无初有終) 수레를 끌어당김을 본다. 기소가 끈다. 그 사람이 묵형(墨刑)하고 또 의형(劓刑)한다. 시작은 없고 끝은 있다.
38,4,九四,yang,睽孤，遇元夫，交孚，厲无咎。,交孚无咎，志行也。,"믿음이 사귀어 허물이 없음은, 뜻이 행해지기 때문이다.",계호 우원부 교부 려무구(睽孤，遇元夫，交孚，厲无咎) 부릅뜬 모양은 외롭다. 본디 저를 만난다. 믿음을 교제한다. 근심하나 허물은 없다.
38,5,六五,yin,悔亡，厥宗噬膚，往何咎。,厥宗噬膚，往有慶也。,"그 일가가 살점을 씹듯 하니, 가면 경사가 있기 때문이다.",회망 궐종서부 왕하구(悔亡，厥宗噬膚，往何咎) 잃음을 뉘우친다. 그 제사에서 저민고기를 깨문다. 가니 어찌 잘못이겠는가?
38,6,上九,yang,睽孤， 見豕負涂，載鬼一車， 先張之弧，后說之弧，匪寇婚媾，往遇雨則吉。,遇雨之吉，群疑亡也。,"비를 만남의 길함은, 여러 의심이 사라지기 때문이다.",규호 견시부도 재귀일사 선장지호 후탈지호 비구혼구 왕우우즉길(睽孤， 見豕負涂，載鬼一車， 先張之弧，后說之弧，匪寇婚媾，往遇雨則吉) 반목하니 의지할데가없다. 진흙을 업은 돼지를 보다. 귀신을 한수레에 싣다. 먼저 활을 펼치고 뒤에 활을 벗는다. 도적이 혼사를 구한다. 가니 비를만난다. 즉 길하다.
39,1,初六,yin,往蹇，來譽。,往蹇來譽，宜待也。,"가면 어렵고 오면 명예로움은, 기다림이 마땅하기 때문이다.",왕건 래예(往蹇，來譽) 가는바가 굼뜨다. 명예가 온다.
39,2,六二,yin,王臣蹇蹇，匪躬之故。,王臣蹇蹇，終无尤也。,"왕의 신하가 거듭 어려움을 당함은, 끝내 허물이 없기 때문이다.",왕신건건 비궁지고(王臣蹇蹇，匪躬之故) 왕의 신하가 머무르고 교만하다. 몸의 연고가 아니다.
39,3,九三,yang,往蹇來反。,往蹇來反，內喜之也。,"가면 어렵고 오면 돌아감은, 안이 기뻐하기 때문이다.","완건 래반(往蹇,來反) 가서 고생한다. 되돌아온다."
39,4,六四,yin,往蹇來連。,往蹇來連，當位實也。,"가면 어렵고 오면 이어짐은, 자리가 마땅하고 실질이 있기 때문이다.",왕건래련(往蹇來連) 가서 머무르니 잇달아 온다.
39,5,九五,yang,大蹇朋來。,大蹇朋來，以中節也。,"큰 어려움에 벗이 옴은, 가운데의 절도를 지키기 때문이다.",대건붕래(大蹇朋來) 크게 교만하니 무리가온다.
39,6,上六,yin,往蹇來碩，吉；利見大人。,往蹇來碩，志在內也。利見大人，以從貴也。,"가면 어렵고 오면 큼은, 뜻이 안에 있기 때문이다. 대인을 뵘이 이로움은, 귀한 이를 따르기 때문이다.","왕건래석 길 이견대인(往蹇來碩，吉,利見大人) 가서 고생하니 차서온다. 길하다. 대인을 만나니 이롭다."
40,1,初六,yin,无咎。,剛柔之際，義无咎也。,"강과 유의 경계는, 의리상 허물이 없기 때문이다.",무구(无咎) 허물없다.
40,2,九二,yang,田獲三狐，得黃矢，貞吉。,九二貞吉，得中道也。,"구이가 바르고 길함은, 중도의 도를 얻기 때문이다.",전획삼호 득황시 정길(田獲三狐，得黃矢，貞吉) 전에서 세마리 여우를 잡는다. 황(黃)화살을 얻는다. 바르니 길하다.
40,3,六三,yin,負且乘，致寇至，貞吝。,負且乘，亦可丑也，自我致戎，又誰咎也。,"지고 타는 것은, 또한 부끄러울 만하다. 스스로 전쟁을 부르니, 또 누구를 허물하겠는가.",부차승 치구질 정인(負且乘，致寇至，貞吝) 짐을 지고 또한 타니 도적이 이르러 덜렁대는 모양이다. 바르나 인색하다.
40,4,九四,yang,解而拇，朋至斯孚。,解而拇，未當位也。,"엄지발가락을 풂은, 아직 자리가 마땅하지 않기 때문이다.",해이무 붕지사부(解而拇，朋至斯孚) 엄지손가락을 핑계하나 친구가 이르러 믿음이 다한다.
40,5,六五,yin,君子維有解，吉；有孚于小人。,君子有解，小人退也。,"군자가 풂이 있으면, 소인이 물러나기 때문이다.","군자유유해 길 유부우소인(君子維有解，吉,有孚于小人) 군자는 풀어서 매니 길하다. 소인에게 믿음이 있다."
40,6,上六,yin,公用射隼，于高墉之上，獲之，无不利。,公用射隼，以解悖也。,"공이 매를 쏨은, 어긋남을 풀기 때문이다.",공용석준 우고용지상 획지 무불리(公用射隼，于高墉之上，獲之，无不利) 공이 높은 담장위에서 매를 맞힘을 행하고 그것을 잡으니 이롭지않음이없다.
41,1,初九,yang,已事遄往，无咎，酌損之。,已事遄往，尚合志也。,"일을 마치고 빨리 감은, 뜻이 합하기를 숭상하기 때문이다.",이사천왕 무구 작손지(已事遄往，无咎，酌損之) 이미 일이 빠르게 왔다. 허물이없다. 그것을 덜어 따른다.
41,2,九二,yang,利貞，征凶，弗損益之。,九二利貞，中以為志也。,"구이가 바름이 이로운 것은, 가운데로 뜻을 삼기 때문이다.",이정정흉 불손익지(利貞征凶，弗損益之) 나아가 흉한것을 바름으로 이롭게한다. 그것을 덜거나 더하지 않는다.
41,3,六三,yin,三人行，則損一人；一人行，則得其友。,一人行，三則疑也。,"한 사람이 가면 좋으나, 셋이면 의심이 생기기 때문이다.","삼인행 즉손일인 일인행 즉득기우(三人行，則損一人,一人行，則得其友) 세사람이 가면 한사람을 잃고 한사람이 가면 그 벗을 얻음이 있다."
41,4,六四,yin,損其疾，使遄有喜，无咎。,損其疾，亦可喜也。,"그 병을 덜어냄은, 또한 기뻐할 만하기 때문이다.",손기질 사천유희 무구(損其疾，使遄有喜，无咎) 그 병이 덜해지니 빠르게 기뻐진다. 허물이없다.
41,5,六五,yin,或益之，十朋之龜弗克違，元吉。,六五元吉，自上佑也。,"육오가 크게 길함은, 위로부터 도움을 받기 때문이다.",혹익지 십붕지구불극위 원길(或益之，十朋之龜弗克違，元吉) 혹 그것을 더하면 열 무리의 거북이 균열함을 이기지못하니 본디 길하다.
41,6,上九,yang,弗損益之，无咎，貞吉，利有攸往，得臣无家。,弗損益之，大得志也。,"덜지 않고 더함은, 크게 뜻을 얻기 때문이다.",불손익지 무구 정길 이유유왕 득신무가(弗損益之，无咎，貞吉，利有攸往，得臣无家) 그것을 덜지도 더하지도 않는다. 허물이없다. 바르니 길하다. 갈바가있어 이롭다. 집이 없는 신하를 얻다.
42,1,初九,yang,利用為大作，元吉，无咎。,元吉无咎，下不厚事也。,"크게 길하고 허물이 없음은, 아래가 두텁게 일하지 않기 때문이다.",이용위대작 원길 무구(利用為大作，元吉，无咎) 큰일을 하게함이 이롭다. 본디 길하고 허물이 없다.
42,2,六二,yin,或益之，十朋之龜弗克違，永貞吉。王用享于帝，吉。,或益之，自外來也。,"혹 더함이 있음은, 밖에서 오기 때문이다.",혹익지 십붕지구불극위 영정길 왕용형우제 길(或益之，十朋之龜弗克違，永貞吉。王用享于帝，吉) 혹 그것을 더하면 열마리의 거북이(등껍데기)가 균열을 이기지못한다. 길고바르니 길하다. 왕이 천제(天帝)에 형통하여 쓰니 길하다.
42,3,六三,yin,益之用凶事，无咎。有孚中行，告公用圭。,益用凶事，固有之也。,"흉한 일에 익을 씀은, 본래 지닌 것이기 때문이다.",익지용흉사 무구 유부중행 고공용규(益之用凶事，无咎。有孚中行，告公用圭) 그것을 더하여 쓰니 일이 흉하다. 허물은없다. 가운데로 가니 믿는바가있다. 공이 저울눈을 사용함을 고하다.
42,4,六四,yin,中行，告公從。利用為依遷國。,告公從，以益志也。,"공에게 고하고 따름은, 뜻을 더하기 때문이다.",중행 고공종 이용위의천국(中行，告公從。利用爲依遷國) 가운데로 가다. 공이 쫓음을 고하다. 그나라를 의지해 옮기니 이롭다.
42,5,九五,yang,有孚惠心，勿問元吉。有孚惠我德。,有孚惠心，勿問之矣。惠我德，大得志也。,"믿음으로 은혜로운 마음이 있으면, 물을 필요가 없다. 내 덕을 은혜로 여김은, 크게 뜻을 얻기 때문이다.",유부혜심 물문원길 유부혜아덕(有孚惠心，勿問元吉。有孚惠我德) 은혜를 믿는바가있다. 본디 길함을 묻지말라 내가베푼은혜를 믿는바가있다.
42,6,上九,yang,莫益之，或擊之，立心勿恆，凶。,莫益之，偏辭也。或擊之，自外來也。,"더함이 없는 것은, 치우친 말이기 때문이다. 혹 침을 받음은, 밖에서 오기 때문이다.",막익지 혹격지 입심물항흉(莫益之，或擊之，立心勿恒凶) 그 더함이 없다. 혹 그것을 친다. 마음을 세우고 항상 근심하지 말라.
43,1,初九,yang,壯于前趾，往不勝為咎。,不勝而往，咎也。,"이기지 못하고 감은, 허물이다.",장우전지 왕불승위구(壯于前趾，往不勝爲咎) 앞터에서 씩씩하다. 이따금 허물이되 훌륭하지못하다.
43,2,九二,yang,惕號，莫夜有戎，勿恤。,莫夜有戎，得中道也。,"밤중에 군사가 있음은, 중도의 도를 얻기 때문이다.",척호 막야유융 물휼(惕號，莫夜有戎，勿恤) 부름을 두려워하다. 조용한 밤에 오랑캐가 있다. 불쌍히 여기지말라.
43,3,九三,yang,壯于頄，有凶。君子夬夬，獨行遇雨，若濡有慍，无咎。,君子夬夬，終无咎也。,"군자가 결단하고 결단함은, 끝내 허물이 없기 때문이다.",장우규 유흉 군자쾌쾌 독행우우 약유유온 무구(壯于頄，有凶。君子夬夬，獨行遇雨，若濡有慍，无咎) 광대뼈가 씩씩하다. 홀로 가다 비를 만난다. 젖었으나 따뜻함이 있다. 허물이 없다.
43,4,九四,yang,臀无膚，其行次且。牽羊悔亡，聞言不信。,其行次且，位不當也。聞言不信，聰不明也。,"그 행동이 머뭇거림은, 자리가 마땅하지 않기 때문이다. 말을 듣고 믿지 않음은, 귀가 밝지 못하기 때문이다.",둔무부 기행차차 견양회망 문언불신(臀无膚，其行次且。牽羊悔亡，聞言不信)
43,5,九五,yang,莧陸夬夬，中行无咎。,中行无咎，中未光也。,"가운데로 행해 허물이 없음은, 가운데가 아직 빛나지 않기 때문이다.",현륙쾌쾌 중행무구(莧陸夬夬，中行无咎) 상륙(商陸)은 그 성질이 쾌히 하는바이다. 가운데를 가니 허물이없다.
43,6,上六,yin,无號，終有凶。,无號之凶，終不可長也。,"부르짖지 못함의 흉함은, 끝내 오래할 수 없기 때문이다.",무호 종유흉(无號，終有凶) 부름이없다. 끝에 근심이 있다.
44,1,初六,yin,系于金柅，貞吉，有攸往，見凶，羸豕孚踟躅。,系于金柅，柔道牽也。,"쇠제동장치에 매임은, 유의 도가 끌리기 때문이다.",계우금니 정길 유유왕 견흉 리시지촉(系于金柅，貞吉，有攸往，見凶，羸豕踟躅) 수레바퀴 고동쇠에 매어놓다. 바르니길하다. 갈바가있으면 흉함을 본다. 파리한 돼지가 머뭇머뭇거린다.
44,2,九二,yang,包有魚，无咎，不利賓。,包有魚，義不及賓也。,"물고기를 품음은, 의리상 손님에게 미치지 않기 때문이다.",포유어 무구 불리빈(包有魚，无咎，不利賓) 물고기가 있어 포장한다. 허물이 없으나 물가는 이롭지 않다.
44,3,九三,yang,臀无膚，其行次且，厲，无大咎。,其行次且，行未牽也。,"그 행동이 머뭇거림은, 행함이 아직 끌리지 않기 때문이다.",둔무부 기행차저 려 무대구(臀无膚，其行次且，厲，无大咎) 볼기에 살이 없다. 그 행함에 또 머뭇거린다. 힘쓴다면 크게허물은 없다.
44,4,九四,yang,包无魚，起凶。,无魚之凶，遠民也。,"물고기가 없음의 흉함은, 백성을 멀리하기 때문이다.",포무어 기흉(包无魚，起凶) 포장한 물고기가 없다. 흉이 일어난다.
44,5,九五,yang,以杞包瓜，含章，有隕自天。,九五含章，中正也。有隕自天，志不舍命也。,"구오가 문채를 품음은, 중정하기 때문이다. 하늘에서 떨어짐이 있음은, 뜻이 명을 버리지 않기 때문이다.",이기포과 함장 유운자천(以杞包瓜，含章，有隕自天) 쟁기로 오이를 얻음는 본보기를 머금은바이다. 하늘에서 떨어진것이다.
44,6,上九,yang,姤其角，吝，无咎。,姤其角，上窮吝也。,"그 뿔과 만남은, 위가 궁해 부끄럽기 때문이다.",후기각 린무구(姤其角，吝无咎) 부딪쳐 만나니 인색하나 허물은 없다.
45,1,初六,yin,有孚不終，乃亂乃萃，若號一握為笑，勿恤，往无咎。,乃亂乃萃，其志亂也。,"어지럽고 모임은, 그 뜻이 어지럽기 때문이다.",유부부종 내란내췌 약호일악위소 물휼왕무구(有孚不終，乃亂乃萃，若號一握為笑，勿恤，往无咎) 끝이아님을 믿는바가있다. 난리여도 모인다. 하나가 작다고 일컬어지고 웃겠으나 근심하지말라 갈바가 있음은 허물이 없겠다.
45,2,六二,yin,引吉，无咎，孚乃利用禴。,引吉无咎，中未變也。,"이끌어 길하고 허물이 없음은, 가운데가 아직 변하지 않았기 때문이다.",인길무구 부내이용약(引吉，无咎，孚乃利用禴) 이끄니 길하고 허물이 없다. 약소를 알고 이로움을 믿는다.
45,3,六三,yin,萃如，嗟如，无攸利，往无咎，小吝。,往无咎，上巽也。,"가도 허물이 없음은, 위가 유순하기 때문이다.",췌여차여 무유리 왕무구 소린(萃如，嗟如，无攸利，往无咎，小吝) 갑작스럽게 이르러 이로운바가없다. 갈바가있으니 허물은 없다. 약간은 인색하다.
45,4,九四,yang,大吉，无咎。,大吉无咎，位不當也。,"크게 길해도 허물이 없음은, 자리가 마땅하지 않기 때문이다.",대길무구(大吉，无咎) 대길하고 무구하다.
45,5,九五,yang,萃有位，无咎。匪孚，元永貞，悔亡。,萃有位，志未光也。,"모여 자리가 있음은, 뜻이 아직 빛나지 않기 때문이다.",췌유위무구 비부원영정회망(萃有位，无咎。匪孚，元永貞，悔亡) 모이니 차례가있다. 허물없다. 믿지않는다. 본디 길고 바르다. 잊음을 후회한다.
45,6,上六,yin,齎咨涕洟，无咎。,齎咨涕洟，未安上也。,"탄식하며 눈물을 흘림은, 위에 편안하지 않기 때문이다.",재자체이 무구(齎咨涕洟，无咎) 탄식하고탄식한다. 눈물 콧물이 흘른다. 허물이없다.
46,1,初六,yin,允升，大吉。,允升大吉，上合志也。,"진실로 올라가 크게 길함은, 위와 뜻이 합하기 때문이다.",윤승 대길(允升，大吉) 진실로 올라가는바는 크게 길하다.
46,2,九二,yang,孚乃利用禴，无咎。,九二之孚，有喜也。,"구이의 믿음은, 기쁨이 있기 때문이다.",부내이용약 무구(孚乃利用禴，无咎) 믿는바 약소함을 씀이 이롭다. 허물없다.
46,3,九三,yang,升虛邑。,升虛邑，无所疑也。,"빈 읍으로 올라감은, 의심할 바가 없기 때문이다.",승허읍(升虛邑) 허한 읍에 나아가다.
46,4,六四,yin,王用亨于岐山，吉无咎。,王用亨于岐山，順事也。,"왕이 기산에서 제사함은, 순한 일이기 때문이다.",왕용형우기산 길 무구(王用亨于岐山，吉 无咎) 왕이 갈림길에 형통하여 쓴다. 길하고 허물없다.
46,5,六五,yin,貞吉，升階。,貞吉升階，大得志也。,"바르고 길하여 계단을 오름은, 크게 뜻을 얻기 때문이다.",정길 승계(貞吉，升階) 바르고 길하다. 돌계단을 오른다.
46,6,上六,yin,冥升，利于不息之貞。,冥升在上，消不富也。,"어두운 승진이 위에 있음은, 소멸하여 부유하지 않기 때문이다.",명승 이우불식지정(冥升，利于不息之貞) 날이 저물어도 오른다. 쉬지않는 곧음에서 이롭다.
47,1,初六,yin,臀困于株木，入于幽谷，三歲不覿。,入于幽谷，幽不明也。,"깊은 골짜기로 들어감은, 어둡고 밝지 못하기 때문이다.",둔곤우주목 입우유곡 삼세불견(臀困于株木，入于幽谷，三歲不見) 엉덩이가 나무그루터기에 곤하다. 깊은 골짜기에 들어가 수년을 보지않는다.
47,2,九二,yang,困于酒食，朱紱方來，利用亨祀，征凶，无咎。,困于酒食，中有慶也。,"술과 음식에 곤함은, 가운데 있어 경사가 있기 때문이다.",곤우주식 주불방래 이용형사 정흉 무구(困于酒食，朱紱方來，利用亨祀，征凶，无咎) 주식에 곤란하다. 주불(붉은색 제복)은 사방에서 찾아온다. 제사를 형통케 씀이 이롭다. 나아가면 흉하고 허물은없다.
47,3,六三,yin,困于石，據于蒺藜，入于其宮，不見其妻，凶。,據于蒺藜，乘剛也。入于其宮，不見其妻，不祥也。,"가시나무에 기댐은, 강을 타고 있기 때문이다. 그 집에 들어가 아내를 보지 못함은, 상서롭지 못하기 때문이다.",곤우석 거우질려 입우기궁 불견기처 흉(困于石，據于蒺藜，入于其宮，不見其妻，凶) 돌에 곤하다. 질려에 거한다. 그 집에 들어가 그 처를 만나지않는다. 흉이다.
47,4,九四,yang,來徐徐，困于金車，吝，有終。,來徐徐，志在下也。雖不當位，有與也。,"느릿느릿 옴은, 뜻이 아래에 있기 때문이다. 비록 자리가 마땅하지 않으나, 함께할 이가 있기 때문이다.",래서서 곤우금거 린 유종(來徐徐，困于金車，吝，有終) 서서히 오니 쇠수레에 곤하다. 인색하나 끝이 있다.
47,5,九五,yang,劓刖，困于赤紱，乃徐有說，利用祭祀。,劓刖，志未得也。乃徐有說，以中直也。利用祭祀，受福也。,"코와 발을 베임은, 뜻을 아직 얻지 못했기 때문이다. 이에 차츰 기쁨이 있음은, 가운데 곧기 때문이다. 제사를 지냄이 이로움은, 복을 받기 때문이다.",의월 곤우적불 내서유설 이용제사(劓刖，困于赤紱，乃徐有說，利用祭祀) 코를 베고 발꿈치를 베는 형벌은 적불(붉은색 제복)에서 곤하다. 서서히 제사하니 제사를 쓰는 이로움있다.
47,6,上六,yin,困于葛藟，于臲卼，曰動悔。有悔，征吉。,困于葛藟，未當也。動悔，有悔，吉行也。,"칡덩굴에 곤함은, 아직 마땅하지 않기 때문이다. 움직이면 후회가 있으나, 후회가 있으면 길하게 행하기 때문이다.","곤우갈류 우얼계 왈동회 유회 정길(困于葛藟，于臲甈，曰動悔。有悔，征吉) 칡덩쿨에서 곤하다. 위태하다. 왈, 움직임을 후회한다. 뉘우침이 있어 나아가면 길하다."
48,1,初六,yin,井泥不食，舊井无禽。,井泥不食，下也。舊井无禽，時舍也。,"우물이 진흙이면 먹지 않음은, 아래에 있기 때문이다. 옛 우물에 새가 없음은, 때가 버렸기 때문이다.",정니불식 구정무금(井泥不食，舊井无禽) 우물에 진흙이 있어 먹지않는다. 오래된 우물이 날짐승이 없다.
48,2,九二,yang,井谷射鮒，瓮敝漏。,井谷射鮒，无與也。,"우물 골짜기에서 붕어를 쏨은, 함께할 이가 없기 때문이다.",정곡사부 옹폐루( 井谷射鮒，瓮敝漏) 우물계곡에서 붕어를 쏜다. 항아리가 깨져 물이 샌다.
48,3,九三,yang,井渫不食，為我心惻，可用汲，王明，并受其福。,井渫不食，行惻也。求王明，受福也。,"우물을 치고도 먹지 않음은, 행인이 슬퍼하기 때문이다. 왕의 밝음을 구함은, 복을 받기 때문이다.",정설불식 위아별측 가용급 왕명 병수기복(井渫不食，為我民惻，可用汲，王明，并受其福) 먹지않는 우물을 준설한다. 내가 백성을 측은히여김이니 (이제) 물을 길을수있다. 왕이 밝으면 우물이 그 복을 받는다.
48,4,六四,yin,井甃，无咎。,井甃无咎，修井也。,"우물을 벽돌로 쌓아 허물이 없음은, 우물을 수리하기 때문이다.",정추 무구(井甃，无咎) 우물을 수리하니 허물이없다.
48,5,九五,yang,井冽，寒泉食。,寒泉之食，中正也。,"차가운 샘물을 먹음은, 중정하기 때문이다.",정렬 한천식(井冽，寒泉食) 우물물이 맑으니 서늘한샘물을 먹는다.
48,6,上六,yin,井收勿幕，有孚元吉。,元吉在上，大成也。,"크게 길함이 위에 있음은, 크게 이루기 때문이다.",정수물막 유부무길(井收勿幕，有孚无吉) 물을 길으니 막지말라 믿음은 있으나 길함은 없다.
49,1,初九,yang,鞏用黃牛之革。,鞏用黃牛，不可以有為也。,"누런 소가죽으로 단단히 묶음은, 함부로 하려 해서는 안 되기 때문이다.",공용황우지혁(鞏用黃牛之革) 단단한 황소의 가죽을 사용한다.
49,2,六二,yin,巳日乃革之，征吉，无咎。,巳日革之，行有嘉也。,"이미 지난 날에 혁함은, 행함에 아름다움이 있기 때문이다.",이일내혁지 정길 무구(已日乃革之，征吉，无咎) 그후얼마되지아니한 날에 그것을 고친다. 먼길로 나아가나 길하다. 허물없다.
49,3,九三,yang,征凶，貞厲，革言三就，有孚。,革言三就，又何之矣。,"혁의 말을 세 번 살펴 이루면, 또 어디로 가겠는가.",정흉 정려 혁언삼취 유부(征凶，貞厲，革言三就，有孚) 먼길로 나아가니 흉하다. 바름에 힘쓴다. 말을 고쳐 세번 취하니 믿는바가있다.
49,4,九四,yang,悔亡，有孚改命，吉。,改命之吉，信志也。,"명을 고침의 길함은, 뜻을 믿기 때문이다.",회망 유부개명 길(悔亡，有孚改命，吉) 실망을 후회한다. 고친명령을 믿는바가있다. 길하다.
49,5,九五,yang,大人虎變，未占有孚。,大人虎變，其文炳也。,"대인의 호랑이 같은 변함은, 그 무늬가 빛나기 때문이다.",대인호변 미점유부(大人虎變，未占有孚) 대인은 호랑이로 변한다. 아직 점하지않다 믿는바가 있다.
49,6,上六,yin,君子豹變，小人革面，征凶，居貞吉。,君子豹變，其文蔚也。小人革面，順以從君也。,"군자의 표범 같은 변함은, 그 무늬가 우거지기 때문이다. 소인이 얼굴을 고침은, 순하게 임금을 따르기 때문이다.",군자표변 소인혁면 정흉 거정길(君子豹變，小人革面，征凶，居貞吉) 군자는 표범으로 변한다. 소인은 낯을 고친다. 먼길로 나아가니 흉하다. 거하고 바르니 길하다.
50,1,初六,yin,鼎顛趾，利出否，得妾以其子，无咎。,鼎顛趾，未悖也。利出否，以從貴也。,"솥의 발이 뒤집힘은, 아직 어긋나지 않았다. 묵은 것을 내보냄이 이로움은, 귀한 이를 따르기 때문이다.","정전지 이출부 득첩 이기자무구(鼎顛趾，利出否，得妾, 以其子无咎) 뒤집힌 솥발이다. 나가지않음이 이롭다. 첩을 얻으니 그아이로써 허물이없다."
50,2,九二,yang,鼎有實，我仇有疾，不我能即，吉。,鼎有實，慎所之也。我仇有疾，終无尤也。,"솥에 내용물이 있음은, 가는 바를 삼가기 때문이다. 내 짝에게 병이 있어도, 끝내 허물이 없다.",정유실 아구유질 불아능즉 길(鼎有實，我仇有疾，不我能即，吉) 솥이 실하다. 내짝은 지병이다. 내가할수있는바가 없는 즉 길하다.
50,3,九三,yang,鼎耳革，其行塞，雉膏不食，方雨虧悔，終吉。,鼎耳革，失其義也。,"솥의 귀가 변함은, 그 뜻을 잃기 때문이다.",정이혁 기행색 치고불식 방우휴회 종길(鼎耳革，其行塞，雉膏不食，方雨虧悔，終吉) 솥귀를 고치다. 그 행함이 막히다. 꿩이 기름지니 먹지않는다. 사방에서 비가오고 후회가 일그러진다. 끝이길하다.
50,4,九四,yang,鼎折足，覆公餗，其形渥，凶。,覆公餗，信如何也。,"공의 국을 뒤엎음은, 믿음이 어떠하겠는가.",정절족 부공속 기형악 흉(鼎折足，覆公餗，其形渥，凶) 솥의발을 부러뜨리다. 다시 공이 죽을 쑤니 그형태가 두텁다 흉하다.
50,5,六五,yin,鼎黃耳金鉉，利貞。,鼎黃耳，中以為實也。,"솥의 누런 귀는, 가운데로써 실질을 삼기 때문이다.",정화이금현 이정(鼎黃耳金鉉，利貞) 솥의 귀와현이 황금이다. 바르니 이롭다.
50,6,上九,yang,鼎玉鉉，大吉，无不利。,玉鉉在上，剛柔節也。,"옥고리가 위에 있음은, 강과 유가 절도를 맞추기 때문이다.",정옥현 대길 무불리(鼎玉鉉，大吉，无不利) 솥의 현이 옥이다. 크게길하다. 불리함이 없다.
51,1,初九,yang,震來虩虩，后笑言啞啞，吉。,震來虩虩，恐致福也。笑言啞啞，后有則也。,"우레가 옴에 두렵고 두려우니, 두려움이 복을 부르기 때문이다. 웃고 말함이 왁자함은, 뒤에 법칙이 있기 때문이다.",진래색색 후소은액액 길(震來虩虩，后笑言啞啞，吉) 천둥이 치니 놀라고 두려워한다. 왕후의웃음은 화기애애 웃는다. 길하다.
51,2,六二,yin,震來厲，億喪貝，躋于九陵，勿逐，七日得。,震來厲，乘剛也。,"우레가 와서 위태로움은, 강을 타고 있기 때문이다.",진래려 억상패 제우구릉 물축 칠일득(震來厲，億喪貝，躋于九陵，勿逐，七日得) 벼락이 빠르게온다. 아주 많이 재화를 잃는다. 구릉에 오르다. 쫓지말라 칠일후에야 얻는다.
51,3,六三,yin,震蘇蘇，震行无眚。,震蘇蘇，位不當也。,"우레에 소스라침은, 자리가 마땅하지 않기 때문이다.",진소소 진행무생(震蘇蘇，震行无眚) 위세가 되살아난다. 우레가 행하니 흐림이없다.
51,4,九四,yang,震遂泥。,震遂泥，未光也。,"우레가 진흙에 빠짐은, 아직 빛나지 않기 때문이다.",진수니(震遂泥) 우레는 진흙이 생장한다.
51,5,六五,yin,震往來厲，億无喪，有事。,震往來厲，危行也。其事在中，大无喪也。,"우레가 오고 감이 위태로움은, 위험하게 행하기 때문이다. 그 일이 가운데 있어, 크게 잃는 것이 없다.",진왕래려 억무상 유사(震往來厲，億无喪，有事) 우레가 빠르게 오고간다. 많은것을 잃음이 없다. 일이 있다.
51,6,上六,yin,震索索，視矍矍，征凶。震不于其躬，于其鄰，无咎。婚媾有言。,震索索，中未得也。雖凶无咎，畏鄰戒也。,"우레에 떨고 떪은, 가운데를 얻지 못했기 때문이다. 비록 흉해도 허물이 없음은, 이웃의 경계를 두려워하기 때문이다.",진색삭 시확확 정흉 진불우기궁 우기린 무구 혼구유언(震索索，視矍矍，征凶。震不于其躬，于其鄰，无咎。婚媾有言) 진은 찾음이다. 쓸쓸함이다. 시는 두리번거림이다. 다급해하는모양이다. 먼길을 가는것은 흉하다. 진은 그몸이 크지않다. 그이웃이 광대하다. 허물없다. 혼구는 맹세의 말이 있다.
52,1,初六,yin,艮其趾，无咎，利永貞。,艮其趾，未失正也。,"그 발가락에 그침은, 아직 바름을 잃지 않기 때문이다.",간기지 무구 이영정(艮其趾，无咎，利永貞) 그 발이 견고하다. 허물없다. 길고 바르니 이롭다.
52,2,六二,yin,艮其腓，不拯其隨，其心不快。,不拯其隨，未退聽也。,"그 따르는 것을 구하지 않음은, 아직 물러나 듣지 않기 때문이다.",간기비 불증기수 기심불쾌(艮其腓，不拯其隨，其心不快) 그 장딴지가 어긋난다. 그 발꿈치를 돕지못한다. 그 마음이 불쾌하다.
52,3,九三,yang,艮其限，列其夤，厲薰心。,艮其限，危薰心也。,"그 허리에 그침은, 위태로움이 마음을 그을리기 때문이다.",간기한 렬기인 려훈심(艮其限，列其夤，厲薰心) 그 끝을 한정한다. 그 잇닿은바를 즐짓다. 향기로운 마음을 힘쓰다.
52,4,六四,yin,艮其身，无咎。,艮其身，止諸躬也。,"그 몸에 그침은, 몸에 그치는 것이다.",간기신 무구(艮其身，无咎) 그 자신을 견고히하니 허물없다.
52,5,六五,yin,艮其輔，言有序，悔亡。,艮其輔，以中正也。,"그 턱에 그침은, 중정하기 때문이다.",간기보 언유서 회망(艮其輔，言有序，悔亡) 간은 그 돕는바이다. 말이 차례가 있다. 잃음이 없다.
52,6,上九,yang,敦艮，吉。,敦艮之吉，以厚終也。,"두텁게 그침의 길함은, 두텁게 마치기 때문이다.",조은 길(敦艮，吉) 아로새긴 은이다. 길하다.
53,1,初六,yin,鴻漸于干，小子厲，有言，无咎。,小子之厲，義无咎也。,"어린아이의 위태로움은, 의리상 허물이 없기 때문이다.",홍점우간 소자려 유은 무구(鴻漸于干，小子厲，有言，无咎) 근본에서 점점 성하다. 어린이가 힘쓰니 화기애애하다.
53,2,六二,yin,鴻漸于磐，飲食衎衎，吉。,飲食衎衎，不素飽也。,"음식을 즐겁게 먹음은, 헛되이 배부르지 않기 때문이다.",홍점우반 음식간간 길(鴻漸于磐，飲食衎衎，吉) 너럭바위에서 점점 성한다. 음식이 즐겁다. 길하다.
53,3,九三,yang,鴻漸于陸，夫征不復，婦孕不育，凶；利禦寇。,夫征不復，離群丑也。婦孕不育，失其道也。利用禦寇，順相保也。,"지아비가 가서 돌아오지 않음은, 무리에서 떨어져 부끄럽기 때문이다. 아내가 임신해도 기르지 못함은, 그 도를 잃었기 때문이다. 도적을 막음이 이로움은, 순하게 서로 지키기 때문이다.","홍점우륙 부정불복 귀잉불육 흉 이어구(鴻漸于陸，夫征不復，婦孕不育，凶,利御寇) 뭍에서 점점 넓어진다. 대저 먼길을 가니 돌아오지않는다. 여자가 분만하나 기르지못한다. 흉하다. 난리를 제어함이 이롭다."
53,4,六四,yin,鴻漸于木，或得其桷，无咎。,或得其桷，順以巽也。,"혹 그 서까래를 얻음은, 순하고 유순하기 때문이다.",홍점우목 혹득기각 무구(鴻漸于木，或得其桷，无咎) 나무가 점점 크다. 혹 그 서까래를 얻는다. 허물없다.
53,5,九五,yang,鴻漸于陵，婦三歲不孕，終莫之勝，吉。,終莫之勝，吉；得所愿也。,"끝내 이기지 못해도 길함은, 원하는 바를 얻기 때문이다.",홍점우륙 부삼세불잉 종막지승 길(鴻漸于陵，婦三歲不孕，終莫之勝，吉) 뭍에서 점점 성한다. 여자가 삼년동안 잉태하지 않는다. 끝이없으니 이김에 도달한다. 길하다.
53,6,上九,yang,鴻漸于陸，其羽可用為儀，吉。,其羽可用為儀，吉；不可亂也。,"그 깃털을 법도로 쓸 수 있어 길함은, 어지러울 수 없기 때문이다.",홍점우규 기우가용위의 길(鴻漸于逵，其羽可用爲儀，吉) 길거리가 점점 넓어진다. 그 깃털이 의전에 쓰일수있다. 길하다.
54,1,初九,yang,歸妹以娣，跛能履，征吉。,歸妹以娣，以恆也。跛能履吉，相承也。,"여동생과 함께 시집감은, 떳떳함으로 하기 때문이다. 절뚝이도 걸을 수 있어 길함은, 서로 이어받기 때문이다.",귀매이제 파능리 정길(歸妹以娣，跛能履，征吉) 손아래누이가 여자로 시집한다. 절룩거림을 겪을수있다. 가니 길하다.
54,2,九二,yang,眇能視，利幽人之貞。,利幽人之貞，未變常也。,"은자의 바름이 이로움은, 아직 떳떳함을 변하지 않았기 때문이다.",묘능시 이유인지정(眇能視，利幽人之貞) 보는 눈이 희미할수있다. 사람의 바름이 깊으니 이롭다.
54,3,六三,yin,歸妹以須，反歸以娣。,歸妹以須，未當也。,"시집가서 기다림은, 아직 마땅하지 않기 때문이다.",귀매이수 반귀이제(歸妹以須，反歸以娣) 시집간 여자가 결국 손아래누이로서 되돌아온다.
54,4,九四,yang,歸妹愆期，遲歸有時。,愆期之志，有待而行也。,"기약을 어김의 뜻은, 기다릴 바가 있어 행하기 때문이다.",귀매건기 지귀유시(歸妹愆期，遲歸有時) 귀매기약이 어그러지다. (귀매를) 지체하나 시간은 있다.
54,5,六五,yin,帝乙歸妹，其君之袂，不如其娣之袂良，月幾望，吉。,帝乙歸妹，不如其娣之袂良也。其位在中，以貴行也。,"제을이 누이를 시집보냄은, 그 여동생의 소매만 못하다. 그 자리가 가운데 있어, 귀하게 행하기 때문이다.","제을귀매 기군지몌 불여기제지몌량 월궤망 길(帝乙歸妹，其君之袂，不如其娣之袂良，月几,望，吉) 제을이 누이를 돌려보낸다. 그 임금의 소매가 손아래누이의 소매가 좋은만 같지않다. 달의 왕성하니 바란다. 길하다."
54,6,上六,yin,女承筐无實，士刲羊无血，无攸利。,上六无實，承虛筐也。,"상육이 실질이 없음은, 빈 광주리를 받들기 때문이다.",여승광무실 사규양무혈 무유리(女承筐无實，士刲羊无血，无攸利) 광주리에 열매가 없음을 여자가 잇는다. 남자가 흰양을 찌르나 붉은피가 없다. 이로운바가 없다.
55,1,初九,yang,遇其配主，雖旬无咎，往有尚。,雖旬无咎，過旬災也。,"비록 열흘은 허물이 없으나, 열흘을 지나면 재앙이다.",우기배주 수순무구 왕유상(遇其配主，雖旬无咎，往有尚) 그 걸맞은 주인을 만나니 비록 균일함이 허물이 없으나 가는것이 높임이있다.
55,2,六二,yin,豐其蔀，日中見斗，往得疑疾，有孚發若，吉。,有孚發若，信以發志也。,"믿음이 발함은, 믿음으로 뜻을 발하기 때문이다.",풍기부 일중견두 왕득의질 유부발약 길(豐其蔀，日中見斗，往得疑疾，有孚發若，吉) 그 덮개가 성하니 대낮에 북두칠성을 본다. 가는것이 괴로울까 의심을 얻는다. 믿는바가 이와같이 발한다. 길하다.
55,3,九三,yang,豐其沛，日中見沫，折其右肱，无咎。,豐其沛，不可大事也。折其右肱，終不可用也。,"그 덮개가 성대함은, 큰일을 할 수 없기 때문이다. 오른팔이 꺾임은, 끝내 쓸 수 없기 때문이다.",풍기패 일중견매 절기우굉 무구(豐其沛，日中見昧，折其右肱，无咎) 만약 비가솓아짐이 성하면 대낮의 어두움을 본다. 그 오른팔뚝을 꺽는다. 허물없다.
55,4,九四,yang,豐其蔀，日中見斗，遇其夷主，吉。,豐其蔀，位不當也。日中見斗，幽不明也。遇其夷主，吉；行也。,"그 가리개가 성대함은, 자리가 마땅하지 않기 때문이다. 한낮에 북두를 봄은, 어둡고 밝지 못하기 때문이다. 그 평등한 주인을 만나면 길함은, 행하기 때문이다.",풍기부 일중견두 우기이주 길(豐其蔀，日中見斗，遇其夷主，吉) 그 덮게가 성하니 대낮에 북두칠성을 본다. 그 온화한 주인을 만난다. 길하다.
55,5,六五,yin,來章，有慶譽，吉。,六五之吉，有慶也。,"육오의 길함은, 경사가 있기 때문이다.",래장 유경예 길(來章，有慶譽，吉) 드러나 온다. 경사로운 명예가 있다. 길하다.
55,6,上六,yin,豐其屋，蔀其家，窺其戶，闃其无人，三歲不觌，凶。,豐其屋，天際翔也。窺其戶，闃其无人，自藏也。,"그 집을 성대히 함은, 하늘 끝에 날기 때문이다. 그 문을 엿봄에 고요하여 사람이 없음은, 스스로 숨기기 때문이다.",풍기악 부기가 규기호 격기무인 삼세불견 흉(豐其屋，蔀其家，窺其戶，闃其无人，三歲不見，凶) 그 휘장이 성하다. 그 집을 덮는다. 그 출입구를 엿본다. 그 사람이 없어 고요하다. 삼년을 보지않는다. 흉하다.
56,1,初六,yin,旅瑣瑣，斯其所取災。,旅瑣瑣，志窮災也。,"여(나그네)가 잘고 잘음은, 뜻이 궁한 재앙이기 때문이다.",여쇄쇄 사기소취재(旅瑣瑣，斯其所取災) 무리가 자질구레하고 세분하다. 잠시 이미 재앙을 취하는 바이다.
56,2,六二,yin,旅即次，懷其資，得童僕貞。,得童僕貞，終无尤也。,"동복의 바름을 얻음은, 끝내 허물이 없기 때문이다.",여즉차 회기자 득동복정(旅即次，懷其資，得童僕貞) 나그네는 머뭇거림이다. 그 도움을 따른다. 어린벗이 바름을 얻는다.
56,3,九三,yang,旅焚其次，喪其童僕，貞厲。,旅焚其次，亦以傷矣。以旅與下，其義喪也。,"나그네가 그 숙소가 불탐은, 또한 상함이 있다. 나그네로 아래를 대함은, 그 뜻을 잃기 때문이다.",려분기차 상기동복 정려(旅焚其次，喪其童僕，貞厲) 그 머무름을 불사르고 여행한다. 그 어린벗을 잃는다. 바르나 근심한다.
56,4,九四,yang,旅于處，得其資斧，我心不快。,旅于處，未得位也。得其資斧，心未快也。,"나그네가 머무름은, 아직 자리를 얻지 못했기 때문이다. 자금과 도끼를 얻어도, 마음이 아직 시원하지 않기 때문이다.",려우처 득기자부 아심불쾌(旅于處，得其資斧，我心不快) 나그네가 처하니 그 돕는 도끼를 얻는다. 내마음이 불쾌하다.
56,5,六五,yin,射雉一矢亡，終以譽命。,終以譽命，上逮也。,"끝내 명예와 명을 얻음은, 위에 이르기 때문이다.",사치일시망 종이예명(射雉一矢亡，終以譽命) 꿩을 쏘니 화살한개를 잃는다. 명예로써 명이 끝난다.
56,6,上九,yang,鳥焚其巢，旅人先笑后號咷。喪牛于易，凶。,以旅在上，其義焚也。喪牛于易，終莫之聞也。,"나그네로 위에 있음은, 그 뜻이 불탐이다. 소를 쉽게 잃음은, 끝내 들을 이가 없기 때문이다.",오분기소 려인선소후호도 상우우역 흉(鳥焚其巢，旅人先笑后號啕。喪牛于易，凶) 까마귀가 그 새집을 넘어뜨린다. 여인(旅人)이 먼저 웃고 뒤에 수다스럽게 떠든다. 바뀜에서 소를 잃는다. 흉하다.
57,1,初六,yin,進退，利武人之貞。,進退，志疑也。利武人之貞，志治也。,"나아가고 물러섬은, 뜻이 의심하기 때문이다. 무인의 바름이 이로움은, 뜻을 다스리기 때문이다.","진퇴 이무인지정(進退，利,武人之貞) 진퇴는 이롭다. 무인의 바름이다."
57,2,九二,yang,巽在牀下，用史巫紛若，吉无咎。,紛若之吉，得中也。,"어지러울 듯함의 길함은, 가운데를 얻기 때문이다.",손재상하 용사무분약 길무구(巽在牀下，用史巫紛若，吉无咎) 손은 평상의아래에 있다. 무인이 역사를 행함은 번거로움같다. 길하고 허물이없다.
57,3,九三,yang,頻巽，吝。,頻巽之吝，志窮也。,"자주 유순함의 부끄러움은, 뜻이 궁하기 때문이다.",빈손 린(頻巽，吝) 급히 공순하다. 인색하다.
57,4,六四,yin,悔亡，田獲三品。,田獲三品，有功也。,"사냥에서 세 종류를 얻음은, 공이 있기 때문이다.",회무 전획삼품(悔亡，田獲三品) 후회가 없다. 전에서 삼품을 얻는다.
57,5,九五,yang,貞吉悔亡，无不利。无初有終，先庚三日，后庚三日，吉。,九五之吉，位正中也。,"구오의 길함은, 자리가 바르고 가운데 있기 때문이다.",정길회무 무불리 무초유종 선경삼일 후경삼일 길(貞吉悔亡，无不利。无初有終，先庚三日，后庚三日，吉) 바르고 길하다. 후회가 없다. 이롭지않은바가 없다. 처음은없고 끝은 있다. 삼일 먼저 바뀌고 삼일 뒤에 바뀐다. 길하다.
57,6,上九,yang,巽在牀下，喪其資斧，貞凶。,巽在牀下，上窮也。喪其資斧，正乎凶也。,"유순함이 침상 아래에 있음은, 위가 궁하기 때문이다. 자금과 도끼를 잃음은, 바르다 해도 흉하기 때문이다.",손재상하 상기자부 정흉(巽在牀下，喪其資斧，貞凶) 평상아래에서 공순하다. 그 취한 도끼를 잃는다. 바르나 흉하다.
58,1,初九,yang,和兌，吉。,和兌之吉，行未疑也。,"화평한 기쁨의 길함은, 행함에 아직 의심이 없기 때문이다.",화태 길(和兌，吉) 어울려 기쁘니 길하다.
58,2,九二,yang,孚兌，吉，悔亡。,孚兌之吉，信志也。,"믿음의 기쁨이 길함은, 뜻을 믿기 때문이다.",부태 길 회무(孚兌，吉，悔亡) 통함을 믿는다. 길하다. 후회가 없다.
58,3,六三,yin,來兌，凶。,來兌之凶，位不當也。,"와서 기쁨을 구함의 흉함은, 자리가 마땅하지 않기 때문이다.",래태 흉(來兌，凶) 오니 기쁘다. 흉하다.
58,4,九四,yang,商兌，未寧，介疾有喜。,九四之喜，有慶也。,"구사의 기쁨은, 경사가 있기 때문이다.",상태 미녕 개질유희(商兌，未寧，介疾有喜) 헤아리니 기쁘다. 아직 편안하지못하다. 빨리 사이에 드니 즐거움이 있다.
58,5,九五,yang,孚于剝，有厲。,孚于剝，位正當也。,"벗겨진 데 믿음이 있음은, 자리가 바르고 마땅하기 때문이다.",부우박 유려(孚于剝，有厲) 벗김에서 믿는다. 힘씀이 있다.
58,6,上六,yin,引兌。,上六引兌，未光也。,"상육이 기쁨을 끌어당김은, 아직 빛나지 않기 때문이다.",인태(引兌) 기쁨을 이끈다.
59,1,初六,yin,用拯馬壯，吉。,初六之吉，順也。,"초육의 길함은, 순하기 때문이다.",용증마장 길(用拯馬壯，吉) 건장한 말을 취함을 쓴다. 길하다.
59,2,九二,yang,渙奔其机，悔亡。,渙奔其机，得愿也。,"흩어져 그 안석으로 달려감은, 원함을 얻기 때문이다.",환분기궤 회망(渙奔其机，悔亡) 그 책상을 급히 흐트린다. 잃음을 후회한다.
59,3,六三,yin,渙其躬，无悔。,渙其躬，志在外也。,"그 몸을 흩음은, 뜻이 밖에 있기 때문이다.",환기궁 무회(渙其躬，无悔) 그 몸을 흐트리니 후회가 없다.
59,4,六四,yin,渙其群，元吉。渙有丘，匪夷所思。,渙其群，元吉；光大也。,"그 무리를 흩음이 크게 길함은, 빛나고 크기 때문이다.",환기군 원길 환유구 비이소아(渙其群，元吉。渙有丘，匪夷所思) 그 무리를 흐트리니 원래 길하다. 언던이있어 흩어진다. 비적이 생각하는바가있다.
59,5,九五,yang,渙汗其大號，渙王居，无咎。,王居无咎，正位也。,"왕이 거함에 허물이 없음은, 자리를 바르게 하기 때문이다.",환한기대호 환왕거 무구(渙汗其大號，渙王居，无咎) 그 큰 부르짖음에 땀을 흘린다. 왕이 거함을 흐트린다. 허물없다.
59,6,上九,yang,渙其血，去逖出，无咎。,渙其血，遠害也。,"그 피(고통)를 흩음은, 해를 멀리하기 때문이다.",환기혈 거적출 무구(渙其血，去逖出，无咎) 그 피를 흘린다. 멀리 떠나가니 허물이 없다.
60,1,初九,yang,不出戶庭，无咎。,不出戶庭，知通塞也。,"문과 뜰을 나가지 않음은, 통함과 막힘을 알기 때문이다.",불출호정 무구(不出戶庭，无咎) 집뜰로 나아가지않는다. 허물없다.
60,2,九二,yang,不出門庭，凶。,不出門庭，失時極也。,"문과 뜰을 나가지 않음은, 때를 잃음이 지극하기 때문이다.",불출문정 흉(不出門庭，凶) 문뜰로 나아가지않는다. 흉하다.
60,3,六三,yin,不節若，則嗟若，无咎。,不節之嗟，又誰咎也。,"절도하지 못함의 탄식은, 또 누구를 허물하겠는가.",불절약 즉수약 무구(不節若，則嗟若，无咎) 절제하지않음같다. 즉 부끄러움같다. 허물없다.
60,4,六四,yin,安節，亨。,安節之亨，承上道也。,"편안한 절도의 형통함은, 위의 도를 이어받기 때문이다.",안절 형(安節，亨) 평안함을 절제한다. 형통하다.
60,5,九五,yang,甘節，吉；往有尚。,甘節之吉，居位中也。,"달콤한 절도의 길함은, 자리 가운데 있기 때문이다.","감절 길 왕유상(甘節，吉,往有尚) 만족함을 절제한다. 길하다. 가는바가 높다."
60,6,上六,yin,苦節，貞凶，悔亡。,苦節貞凶，其道窮也。,"괴로운 절도가 바르다 해도 흉함은, 그 도가 궁하기 때문이다.",고절 정흉 회망(苦節，貞凶，悔亡) 괴로움을 절제한다. 바르나 흉하다. 잃음을 후회한다.
61,1,初九,yang,虞吉，有他不燕。,初九虞吉，志未變也。,"초구가 헤아려 길함은, 뜻이 아직 변하지 않았기 때문이다.","우길 유타 불연(虞吉，有他, 不燕) 길함을 염려하다. 타인이있다. 편안하지않다."
61,2,九二,yang,鳴鶴在陰，其子和之，我有好爵，吾與爾靡之。,其子和之，中心愿也。,"그 새끼가 화답함은, 마음속 원함이기 때문이다.",명학재음 기자화지 아유호작 오여이미지(鳴鶴在陰，其子和之，我有好爵，吾與爾靡之) 우는학이 그늘에 있다. 그 아이가 서로 응하여 간다. 내가 지위를 좋아함이 있다. 우리가 너와 더불어 가는것을 금지한다.
61,3,六三,yin,得敵，或鼓或罷，或泣或歌。,可鼓或罷，位不當也。,"북을 치거나 혹 그침은, 자리가 마땅하지 않기 때문이다.",득적 혹고혹파 혹읍혹가(得敵，或鼓或罷，或泣或歌) 적을 얻는다. 혹 휘두르고 혹 내치고 혹 울고 혹 노래부른다.
61,4,六四,yin,月几望，馬匹亡，无咎。,馬匹亡，絕類上也。,"말 짝이 없어짐은, 무리를 끊고 위로 가기 때문이다.",월궤망 마필망 무구(月几望，馬匹亡，无咎) 달이 왕성하니 바란다. 말의 짝이 없다. 허물이없다.
61,5,九五,yang,有孚攣如，无咎。,有孚攣如，位正當也。,"믿음이 이어진 듯함은, 자리가 바르고 마땅하기 때문이다.",유부련여 무구(有孚攣如，无咎) 걸림같이 믿는바가있다. 허물없다.
61,6,上九,yang,翰音登于天，貞凶。,翰音登于天，何可長也。,"닭 울음(높은 소리)이 하늘에 오름은, 어찌 오래가겠는가.",한음등우천 정흉(翰音登于天，貞凶) 깨끗하고 높은 소리가 하늘에 오른다. 바르나 흉하다.
62,1,初六,yin,飛鳥以凶。,飛鳥以凶，不可如何也。,"나는 새로 흉함은, 어찌할 수 없기 때문이다.",비조이흉(飛鳥以凶) 새가 날아가니 흉하다.
62,2,六二,yin,過其祖，遇其妣；不及其君，遇其臣；无咎。,不及其君，臣不可過也。,"그 임금에게 미치지 못함은, 신하는 지나칠 수 없기 때문이다.","과기조 우기비 불급기군 우기신 무구(過其祖，遇其妣,不及其君，遇其臣,无咎) 지나는길에 할아버지를 들르니 우연히 그 할머니를 만난다. 그 임금과 함께하지않으니 그신하와 조우한다. 허물이없다."
62,3,九三,yang,弗過防之，從或戕之，凶。,從或戕之，凶如何也。,"따르다가 혹 해침을 당함은, 흉함이 어떠하겠는가.",불과방지 종혹장지 흉(弗過防之，從或戕之，凶) 가서 필적하니 지나치지않다. 좇으니 촉 가서 죽인다. 흉하다.
62,4,九四,yang,无咎，弗過遇之。往厲必戒，勿用永貞。,弗過遇之，位不當也。往厲必戒，終不可長也。,"지나치지 않고 만남은, 자리가 마땅하지 않기 때문이다. 가면 위태로우니 반드시 경계해야 하며, 끝내 오래할 수 없기 때문이다.",무구 불과우지 왕려필계 물용영정(无咎，弗過遇之。往厲必戒，勿用永貞) 허물이없다. 가서만나니 지나치지않다. 가서 힘쓰니 반드시 경계한다. 길게바르니 쓰지말라
62,5,六五,yin,密云不雨，自我西郊，公弋取彼在穴。,密云不雨，已上也。,"빽빽한 구름이 비를 내리지 않음은, 이미 위로 올라갔기 때문이다.",밀운불우 자아서교 공익취피재혈(密雲不雨，自我西郊，公弋取彼在穴) 구름이 밀집하나 비가 내리지않는다. 스스로내가 서쪽 들로간다. 공이 구멍에있는 상대를 빼앗아 취한다.
62,6,上六,yin,弗遇過之，飛鳥離之，凶，是謂災眚。,弗遇過之，已亢也。,"만나지 못하고 지나침은, 이미 높이 오른 까닭이다.",불우과지 비조이지 흉 시위재생(弗遇過之，飛鳥離之，凶，是謂災眚) 지나쳐가니 만나지 못한다. 새가날아서 가니 헤어진다. 흉하다. 이것이 소위 재앙이다.
63,1,初九,yang,曳其輪，濡其尾，无咎。,曳其輪，義无咎也。,"그 바퀴를 끎은, 의리상 허물이 없기 때문이다.",예기륜 유기미 무구(曳其輪，濡其尾，无咎) 그 바퀴를 끌어당기니 그꼬리가 젖는다. 허물없다
63,2,六二,yin,婦喪其茀，勿逐，七日得。,七日得，以中道也。,"이레 만에 얻음은, 중도로 하기 때문이다.",부상기불 물축 칠일득(婦喪其茀，勿逐，七日得) 부인이 그 머리꾸미개를 잃다. 쫓지마라. 칠일에 얻는다.
63,3,九三,yang,高宗伐鬼方，三年克之，小人勿用。,三年克之，憊也。,"삼 년 만에 이김은, 지치기 때문이다.",고종벌귀방 삼년극지 소인물용(高宗伐鬼方，三年克之，小人勿用) 제사를 높이니 귀신을 사방에서 물리친다. 이김이 삼년간다. 소인은 쓰지마라
63,4,六四,yin,繻有衣袽，終日戒。,終日戒，有所疑也。,"종일 경계함은, 의심할 바가 있기 때문이다.",수유의녀 종일계(繻有衣袽，終日戒) 명주옷이 해진다. 종일 경계한다.
63,5,九五,yang,東鄰殺牛，不如西鄰之禴祭，實受其福。,東鄰殺牛，不如西鄰之時也；實受其福，吉大來也。,"동쪽 이웃이 소를 잡음은, 서쪽 이웃의 때(시기)만 못하다. 실질로 복을 받음은, 길함이 크게 오기 때문이다.",동린살우 불여서린지약제 실수기복(東鄰殺牛，不如西鄰之禴祭，實受其福) 동쪽이웃이 소를 죽이낟. 서쪽이웃의 봄제사같지않다. 실하니 그복을 받는다.
63,6,上六,yin,濡其首，厲。,濡其首厲，何可久也。,"그 머리를 적심이 위태로움은, 어찌 오래가겠는가.",유기수 려(濡其首，厲) 그머리를 감으니 염려한다.
64,1,初六,yin,濡其尾，吝。,濡其尾，亦不知極也。,"그 꼬리를 적음은, 또한 끝을 알지 못하기 때문이다.",유기미 린(濡其尾，吝) 그 꼬리가 젖는다. 곤란하다.
64,2,九二,yang,曳其輪，貞吉。,九二貞吉，中以行正也。,"구이가 바르고 길함은, 가운데로 바르게 행하기 때문이다.",예기륜 정길(曳其輪，貞吉) 그 바퀴를 끄니 바르고 길하다.
64,3,六三,yin,未濟，征凶，利涉大川。,未濟征凶，位不當也。,"미제에 가면 흉함은, 자리가 마땅하지 않기 때문이다.",미제 정흉 이섭대천(未濟，征凶，利涉大川) 아직 건너니 멀리 나가니 흉하다. 큰강을 건넘이 이롭다.
64,4,九四,yang,貞吉，悔亡，震用伐鬼方，三年有賞于大國。,貞吉悔亡，志行也。,"바르고 길하여 후회가 사라짐은, 뜻이 행해지기 때문이다.",정길 회망 진용벌귀방 삼년유상우대국(貞吉，悔亡，震用伐鬼方，三年有賞于大國) 바르니 길하다. 잊음을 후회한다. 위엄을 써서 사방의 귀신을 벌한다. 삼년있어야 대국에서 상준다.
64,5,六五,yin,貞吉，无悔，君子之光，有孚，吉。,君子之光，其暉吉也。,"군자의 빛은, 그 빛남이 길하기 때문이다.",정길 무회 군자지광 유부 길(貞吉，无悔，君子之光，有孚，吉) 바르니길하다. 후회없다. 군자의 빛은 믿음에있다. 길하다.
64,6,上九,yang,有孚于飲酒，无咎，濡其首，有孚失是。,飲酒濡首，亦不知節也。,"술을 마시다 머리를 적음은, 또한 절도를 알지 못하기 때문이다.",유부우음주 무구 유기수 유부실시(有孚于飲酒，无咎，濡其首，有孚失是) 음주에 믿음이있다. 허물없다. 그머리를 감으니 이것을 잃으나 믿음은 있다.
